ISO-10303-21;
HEADER;
/* Generated by software containing ST-Developer
 * from STEP Tools, Inc. (www.steptools.com) 
 */

FILE_DESCRIPTION(
/* description */ (''),
/* implementation_level */ '2;1');

FILE_NAME(
/* name */ 'PCB_Case.stp',
/* time_stamp */ '2025-11-24T21:36:56+01:00',
/* author */ ('Wula'),
/* organization */ (''),
/* preprocessor_version */ 'ST-DEVELOPER v20',
/* originating_system */ 'Autodesk Inventor 2025',
/* authorisation */ '');

FILE_SCHEMA (('AUTOMOTIVE_DESIGN { 1 0 10303 214 3 1 1 }'));
ENDSEC;

DATA;
#10=MECHANICAL_DESIGN_GEOMETRIC_PRESENTATION_REPRESENTATION('',(#13),#4022);
#11=SHAPE_REPRESENTATION_RELATIONSHIP('SRR','None',#4029,#12);
#12=ADVANCED_BREP_SHAPE_REPRESENTATION('',(#14),#4021);
#13=STYLED_ITEM('',(#4038),#14);
#14=MANIFOLD_SOLID_BREP('Solid1',#2477);
#15=FACE_BOUND('',#253,.T.);
#16=FACE_BOUND('',#256,.T.);
#17=FACE_BOUND('',#258,.T.);
#18=FACE_BOUND('',#259,.T.);
#19=FACE_BOUND('',#260,.T.);
#20=FACE_BOUND('',#261,.T.);
#21=FACE_BOUND('',#264,.T.);
#22=FACE_BOUND('',#266,.T.);
#23=FACE_BOUND('',#267,.T.);
#24=FACE_BOUND('',#268,.T.);
#25=FACE_BOUND('',#269,.T.);
#26=FACE_BOUND('',#270,.T.);
#27=FACE_BOUND('',#289,.T.);
#28=FACE_BOUND('',#303,.T.);
#29=FACE_BOUND('',#317,.T.);
#30=FACE_BOUND('',#331,.T.);
#31=FACE_BOUND('',#367,.T.);
#32=FACE_BOUND('',#371,.T.);
#33=FACE_BOUND('',#375,.T.);
#34=FACE_BOUND('',#379,.T.);
#35=FACE_BOUND('',#381,.T.);
#36=FACE_BOUND('',#382,.T.);
#37=FACE_BOUND('',#383,.T.);
#38=FACE_BOUND('',#384,.T.);
#39=FACE_BOUND('',#393,.T.);
#40=FACE_BOUND('',#395,.T.);
#41=FACE_BOUND('',#397,.T.);
#42=FACE_BOUND('',#399,.T.);
#43=FACE_BOUND('',#402,.T.);
#44=CYLINDRICAL_SURFACE('',#2516,4.);
#45=CYLINDRICAL_SURFACE('',#2519,4.);
#46=CYLINDRICAL_SURFACE('',#2527,4.);
#47=CYLINDRICAL_SURFACE('',#2536,4.);
#48=CYLINDRICAL_SURFACE('',#2537,3.25);
#49=CYLINDRICAL_SURFACE('',#2539,3.25);
#50=CYLINDRICAL_SURFACE('',#2541,3.25);
#51=CYLINDRICAL_SURFACE('',#2543,3.25);
#52=CYLINDRICAL_SURFACE('',#2629,1.99999999999999);
#53=CYLINDRICAL_SURFACE('',#2632,4.00000000000001);
#54=CYLINDRICAL_SURFACE('',#2636,1.99999999999999);
#55=CYLINDRICAL_SURFACE('',#2639,4.00000000000001);
#56=CYLINDRICAL_SURFACE('',#2643,1.99999999999999);
#57=CYLINDRICAL_SURFACE('',#2646,4.00000000000001);
#58=CYLINDRICAL_SURFACE('',#2650,1.99999999999999);
#59=CYLINDRICAL_SURFACE('',#2653,4.00000000000001);
#60=CYLINDRICAL_SURFACE('',#2665,22.);
#61=CYLINDRICAL_SURFACE('',#2666,22.);
#62=CYLINDRICAL_SURFACE('',#2667,22.);
#63=CYLINDRICAL_SURFACE('',#2668,22.);
#64=CIRCLE('',#2502,4.);
#65=CIRCLE('',#2503,3.);
#66=CIRCLE('',#2506,4.);
#67=CIRCLE('',#2507,3.);
#68=CIRCLE('',#2510,4.);
#69=CIRCLE('',#2511,3.);
#70=CIRCLE('',#2514,4.);
#71=CIRCLE('',#2515,3.);
#72=CIRCLE('',#2517,4.);
#73=CIRCLE('',#2520,4.);
#74=CIRCLE('',#2523,3.25);
#75=CIRCLE('',#2524,3.25);
#76=CIRCLE('',#2525,3.25);
#77=CIRCLE('',#2526,3.25);
#78=CIRCLE('',#2528,4.);
#79=CIRCLE('',#2531,4.);
#80=CIRCLE('',#2532,22.);
#81=CIRCLE('',#2533,22.);
#82=CIRCLE('',#2534,22.);
#83=CIRCLE('',#2535,22.);
#84=CIRCLE('',#2538,3.25);
#85=CIRCLE('',#2540,3.25);
#86=CIRCLE('',#2542,3.25);
#87=CIRCLE('',#2544,3.25);
#88=CIRCLE('',#2630,1.99999999999999);
#89=CIRCLE('',#2631,1.99999999999999);
#90=CIRCLE('',#2633,4.00000000000001);
#91=CIRCLE('',#2634,4.00000000000001);
#92=CIRCLE('',#2637,1.99999999999999);
#93=CIRCLE('',#2638,1.99999999999999);
#94=CIRCLE('',#2640,4.00000000000001);
#95=CIRCLE('',#2641,4.00000000000001);
#96=CIRCLE('',#2644,1.99999999999999);
#97=CIRCLE('',#2645,1.99999999999999);
#98=CIRCLE('',#2647,4.00000000000001);
#99=CIRCLE('',#2648,4.00000000000001);
#100=CIRCLE('',#2651,1.99999999999999);
#101=CIRCLE('',#2652,1.99999999999999);
#102=CIRCLE('',#2654,4.00000000000001);
#103=CIRCLE('',#2655,4.00000000000001);
#104=CIRCLE('',#2658,22.);
#105=CIRCLE('',#2659,22.);
#106=CIRCLE('',#2660,22.);
#107=CIRCLE('',#2661,22.);
#108=CONICAL_SURFACE('',#2501,3.5,0.785398163397448);
#109=CONICAL_SURFACE('',#2505,3.5,0.785398163397448);
#110=CONICAL_SURFACE('',#2509,3.5,0.785398163397448);
#111=CONICAL_SURFACE('',#2513,3.5,0.785398163397448);
#112=FACE_OUTER_BOUND('',#243,.T.);
#113=FACE_OUTER_BOUND('',#244,.T.);
#114=FACE_OUTER_BOUND('',#245,.T.);
#115=FACE_OUTER_BOUND('',#246,.T.);
#116=FACE_OUTER_BOUND('',#247,.T.);
#117=FACE_OUTER_BOUND('',#248,.T.);
#118=FACE_OUTER_BOUND('',#249,.T.);
#119=FACE_OUTER_BOUND('',#250,.T.);
#120=FACE_OUTER_BOUND('',#251,.T.);
#121=FACE_OUTER_BOUND('',#252,.T.);
#122=FACE_OUTER_BOUND('',#254,.T.);
#123=FACE_OUTER_BOUND('',#255,.T.);
#124=FACE_OUTER_BOUND('',#257,.T.);
#125=FACE_OUTER_BOUND('',#262,.T.);
#126=FACE_OUTER_BOUND('',#263,.T.);
#127=FACE_OUTER_BOUND('',#265,.T.);
#128=FACE_OUTER_BOUND('',#271,.T.);
#129=FACE_OUTER_BOUND('',#272,.T.);
#130=FACE_OUTER_BOUND('',#273,.T.);
#131=FACE_OUTER_BOUND('',#274,.T.);
#132=FACE_OUTER_BOUND('',#275,.T.);
#133=FACE_OUTER_BOUND('',#276,.T.);
#134=FACE_OUTER_BOUND('',#277,.T.);
#135=FACE_OUTER_BOUND('',#278,.T.);
#136=FACE_OUTER_BOUND('',#279,.T.);
#137=FACE_OUTER_BOUND('',#280,.T.);
#138=FACE_OUTER_BOUND('',#281,.T.);
#139=FACE_OUTER_BOUND('',#282,.T.);
#140=FACE_OUTER_BOUND('',#283,.T.);
#141=FACE_OUTER_BOUND('',#284,.T.);
#142=FACE_OUTER_BOUND('',#285,.T.);
#143=FACE_OUTER_BOUND('',#286,.T.);
#144=FACE_OUTER_BOUND('',#287,.T.);
#145=FACE_OUTER_BOUND('',#288,.T.);
#146=FACE_OUTER_BOUND('',#290,.T.);
#147=FACE_OUTER_BOUND('',#291,.T.);
#148=FACE_OUTER_BOUND('',#292,.T.);
#149=FACE_OUTER_BOUND('',#293,.T.);
#150=FACE_OUTER_BOUND('',#294,.T.);
#151=FACE_OUTER_BOUND('',#295,.T.);
#152=FACE_OUTER_BOUND('',#296,.T.);
#153=FACE_OUTER_BOUND('',#297,.T.);
#154=FACE_OUTER_BOUND('',#298,.T.);
#155=FACE_OUTER_BOUND('',#299,.T.);
#156=FACE_OUTER_BOUND('',#300,.T.);
#157=FACE_OUTER_BOUND('',#301,.T.);
#158=FACE_OUTER_BOUND('',#302,.T.);
#159=FACE_OUTER_BOUND('',#304,.T.);
#160=FACE_OUTER_BOUND('',#305,.T.);
#161=FACE_OUTER_BOUND('',#306,.T.);
#162=FACE_OUTER_BOUND('',#307,.T.);
#163=FACE_OUTER_BOUND('',#308,.T.);
#164=FACE_OUTER_BOUND('',#309,.T.);
#165=FACE_OUTER_BOUND('',#310,.T.);
#166=FACE_OUTER_BOUND('',#311,.T.);
#167=FACE_OUTER_BOUND('',#312,.T.);
#168=FACE_OUTER_BOUND('',#313,.T.);
#169=FACE_OUTER_BOUND('',#314,.T.);
#170=FACE_OUTER_BOUND('',#315,.T.);
#171=FACE_OUTER_BOUND('',#316,.T.);
#172=FACE_OUTER_BOUND('',#318,.T.);
#173=FACE_OUTER_BOUND('',#319,.T.);
#174=FACE_OUTER_BOUND('',#320,.T.);
#175=FACE_OUTER_BOUND('',#321,.T.);
#176=FACE_OUTER_BOUND('',#322,.T.);
#177=FACE_OUTER_BOUND('',#323,.T.);
#178=FACE_OUTER_BOUND('',#324,.T.);
#179=FACE_OUTER_BOUND('',#325,.T.);
#180=FACE_OUTER_BOUND('',#326,.T.);
#181=FACE_OUTER_BOUND('',#327,.T.);
#182=FACE_OUTER_BOUND('',#328,.T.);
#183=FACE_OUTER_BOUND('',#329,.T.);
#184=FACE_OUTER_BOUND('',#330,.T.);
#185=FACE_OUTER_BOUND('',#332,.T.);
#186=FACE_OUTER_BOUND('',#333,.T.);
#187=FACE_OUTER_BOUND('',#334,.T.);
#188=FACE_OUTER_BOUND('',#335,.T.);
#189=FACE_OUTER_BOUND('',#336,.T.);
#190=FACE_OUTER_BOUND('',#337,.T.);
#191=FACE_OUTER_BOUND('',#338,.T.);
#192=FACE_OUTER_BOUND('',#339,.T.);
#193=FACE_OUTER_BOUND('',#340,.T.);
#194=FACE_OUTER_BOUND('',#341,.T.);
#195=FACE_OUTER_BOUND('',#342,.T.);
#196=FACE_OUTER_BOUND('',#343,.T.);
#197=FACE_OUTER_BOUND('',#344,.T.);
#198=FACE_OUTER_BOUND('',#345,.T.);
#199=FACE_OUTER_BOUND('',#346,.T.);
#200=FACE_OUTER_BOUND('',#347,.T.);
#201=FACE_OUTER_BOUND('',#348,.T.);
#202=FACE_OUTER_BOUND('',#349,.T.);
#203=FACE_OUTER_BOUND('',#350,.T.);
#204=FACE_OUTER_BOUND('',#351,.T.);
#205=FACE_OUTER_BOUND('',#352,.T.);
#206=FACE_OUTER_BOUND('',#353,.T.);
#207=FACE_OUTER_BOUND('',#354,.T.);
#208=FACE_OUTER_BOUND('',#355,.T.);
#209=FACE_OUTER_BOUND('',#356,.T.);
#210=FACE_OUTER_BOUND('',#357,.T.);
#211=FACE_OUTER_BOUND('',#358,.T.);
#212=FACE_OUTER_BOUND('',#359,.T.);
#213=FACE_OUTER_BOUND('',#360,.T.);
#214=FACE_OUTER_BOUND('',#361,.T.);
#215=FACE_OUTER_BOUND('',#362,.T.);
#216=FACE_OUTER_BOUND('',#363,.T.);
#217=FACE_OUTER_BOUND('',#364,.T.);
#218=FACE_OUTER_BOUND('',#365,.T.);
#219=FACE_OUTER_BOUND('',#366,.T.);
#220=FACE_OUTER_BOUND('',#368,.T.);
#221=FACE_OUTER_BOUND('',#369,.T.);
#222=FACE_OUTER_BOUND('',#370,.T.);
#223=FACE_OUTER_BOUND('',#372,.T.);
#224=FACE_OUTER_BOUND('',#373,.T.);
#225=FACE_OUTER_BOUND('',#374,.T.);
#226=FACE_OUTER_BOUND('',#376,.T.);
#227=FACE_OUTER_BOUND('',#377,.T.);
#228=FACE_OUTER_BOUND('',#378,.T.);
#229=FACE_OUTER_BOUND('',#380,.T.);
#230=FACE_OUTER_BOUND('',#385,.T.);
#231=FACE_OUTER_BOUND('',#386,.T.);
#232=FACE_OUTER_BOUND('',#387,.T.);
#233=FACE_OUTER_BOUND('',#388,.T.);
#234=FACE_OUTER_BOUND('',#389,.T.);
#235=FACE_OUTER_BOUND('',#390,.T.);
#236=FACE_OUTER_BOUND('',#391,.T.);
#237=FACE_OUTER_BOUND('',#392,.T.);
#238=FACE_OUTER_BOUND('',#394,.T.);
#239=FACE_OUTER_BOUND('',#396,.T.);
#240=FACE_OUTER_BOUND('',#398,.T.);
#241=FACE_OUTER_BOUND('',#400,.T.);
#242=FACE_OUTER_BOUND('',#401,.T.);
#243=EDGE_LOOP('',(#1559,#1560,#1561,#1562));
#244=EDGE_LOOP('',(#1563,#1564,#1565,#1566));
#245=EDGE_LOOP('',(#1567,#1568,#1569,#1570));
#246=EDGE_LOOP('',(#1571,#1572,#1573,#1574));
#247=EDGE_LOOP('',(#1575,#1576,#1577,#1578));
#248=EDGE_LOOP('',(#1579,#1580,#1581,#1582));
#249=EDGE_LOOP('',(#1583,#1584,#1585,#1586));
#250=EDGE_LOOP('',(#1587,#1588,#1589,#1590));
#251=EDGE_LOOP('',(#1591,#1592,#1593,#1594));
#252=EDGE_LOOP('',(#1595,#1596,#1597,#1598));
#253=EDGE_LOOP('',(#1599,#1600,#1601,#1602,#1603,#1604,#1605,#1606));
#254=EDGE_LOOP('',(#1607,#1608,#1609,#1610));
#255=EDGE_LOOP('',(#1611,#1612,#1613,#1614));
#256=EDGE_LOOP('',(#1615,#1616,#1617,#1618,#1619,#1620,#1621,#1622));
#257=EDGE_LOOP('',(#1623,#1624,#1625,#1626,#1627,#1628,#1629,#1630));
#258=EDGE_LOOP('',(#1631));
#259=EDGE_LOOP('',(#1632));
#260=EDGE_LOOP('',(#1633));
#261=EDGE_LOOP('',(#1634));
#262=EDGE_LOOP('',(#1635,#1636,#1637,#1638));
#263=EDGE_LOOP('',(#1639,#1640,#1641,#1642));
#264=EDGE_LOOP('',(#1643,#1644,#1645,#1646,#1647,#1648,#1649,#1650));
#265=EDGE_LOOP('',(#1651,#1652,#1653,#1654,#1655,#1656,#1657,#1658));
#266=EDGE_LOOP('',(#1659,#1660,#1661,#1662,#1663,#1664,#1665,#1666));
#267=EDGE_LOOP('',(#1667,#1668,#1669,#1670,#1671,#1672,#1673,#1674,#1675,
#1676,#1677,#1678));
#268=EDGE_LOOP('',(#1679,#1680,#1681,#1682,#1683,#1684,#1685,#1686,#1687,
#1688,#1689,#1690));
#269=EDGE_LOOP('',(#1691,#1692,#1693,#1694,#1695,#1696,#1697,#1698,#1699,
#1700,#1701,#1702));
#270=EDGE_LOOP('',(#1703,#1704,#1705,#1706,#1707,#1708,#1709,#1710,#1711,
#1712,#1713,#1714));
#271=EDGE_LOOP('',(#1715,#1716,#1717,#1718));
#272=EDGE_LOOP('',(#1719,#1720,#1721,#1722));
#273=EDGE_LOOP('',(#1723,#1724,#1725,#1726));
#274=EDGE_LOOP('',(#1727,#1728,#1729,#1730));
#275=EDGE_LOOP('',(#1731,#1732,#1733,#1734));
#276=EDGE_LOOP('',(#1735,#1736,#1737,#1738));
#277=EDGE_LOOP('',(#1739,#1740,#1741,#1742));
#278=EDGE_LOOP('',(#1743,#1744,#1745,#1746));
#279=EDGE_LOOP('',(#1747,#1748,#1749,#1750));
#280=EDGE_LOOP('',(#1751,#1752,#1753,#1754));
#281=EDGE_LOOP('',(#1755,#1756,#1757,#1758));
#282=EDGE_LOOP('',(#1759,#1760,#1761,#1762));
#283=EDGE_LOOP('',(#1763,#1764,#1765,#1766));
#284=EDGE_LOOP('',(#1767,#1768,#1769,#1770));
#285=EDGE_LOOP('',(#1771,#1772,#1773,#1774));
#286=EDGE_LOOP('',(#1775,#1776,#1777,#1778));
#287=EDGE_LOOP('',(#1779,#1780,#1781,#1782));
#288=EDGE_LOOP('',(#1783,#1784,#1785,#1786,#1787,#1788,#1789,#1790,#1791,
#1792,#1793,#1794));
#289=EDGE_LOOP('',(#1795));
#290=EDGE_LOOP('',(#1796,#1797,#1798,#1799));
#291=EDGE_LOOP('',(#1800,#1801,#1802,#1803));
#292=EDGE_LOOP('',(#1804,#1805,#1806,#1807));
#293=EDGE_LOOP('',(#1808,#1809,#1810,#1811));
#294=EDGE_LOOP('',(#1812,#1813,#1814,#1815));
#295=EDGE_LOOP('',(#1816,#1817,#1818,#1819));
#296=EDGE_LOOP('',(#1820,#1821,#1822,#1823));
#297=EDGE_LOOP('',(#1824,#1825,#1826,#1827));
#298=EDGE_LOOP('',(#1828,#1829,#1830,#1831));
#299=EDGE_LOOP('',(#1832,#1833,#1834,#1835));
#300=EDGE_LOOP('',(#1836,#1837,#1838,#1839));
#301=EDGE_LOOP('',(#1840,#1841,#1842,#1843));
#302=EDGE_LOOP('',(#1844,#1845,#1846,#1847,#1848,#1849,#1850,#1851,#1852,
#1853,#1854,#1855));
#303=EDGE_LOOP('',(#1856));
#304=EDGE_LOOP('',(#1857,#1858,#1859,#1860));
#305=EDGE_LOOP('',(#1861,#1862,#1863,#1864));
#306=EDGE_LOOP('',(#1865,#1866,#1867,#1868));
#307=EDGE_LOOP('',(#1869,#1870,#1871,#1872));
#308=EDGE_LOOP('',(#1873,#1874,#1875,#1876));
#309=EDGE_LOOP('',(#1877,#1878,#1879,#1880));
#310=EDGE_LOOP('',(#1881,#1882,#1883,#1884));
#311=EDGE_LOOP('',(#1885,#1886,#1887,#1888));
#312=EDGE_LOOP('',(#1889,#1890,#1891,#1892));
#313=EDGE_LOOP('',(#1893,#1894,#1895,#1896));
#314=EDGE_LOOP('',(#1897,#1898,#1899,#1900));
#315=EDGE_LOOP('',(#1901,#1902,#1903,#1904));
#316=EDGE_LOOP('',(#1905,#1906,#1907,#1908,#1909,#1910,#1911,#1912,#1913,
#1914,#1915,#1916));
#317=EDGE_LOOP('',(#1917));
#318=EDGE_LOOP('',(#1918,#1919,#1920,#1921));
#319=EDGE_LOOP('',(#1922,#1923,#1924,#1925));
#320=EDGE_LOOP('',(#1926,#1927,#1928,#1929));
#321=EDGE_LOOP('',(#1930,#1931,#1932,#1933));
#322=EDGE_LOOP('',(#1934,#1935,#1936,#1937));
#323=EDGE_LOOP('',(#1938,#1939,#1940,#1941));
#324=EDGE_LOOP('',(#1942,#1943,#1944,#1945));
#325=EDGE_LOOP('',(#1946,#1947,#1948,#1949));
#326=EDGE_LOOP('',(#1950,#1951,#1952,#1953));
#327=EDGE_LOOP('',(#1954,#1955,#1956,#1957));
#328=EDGE_LOOP('',(#1958,#1959,#1960,#1961));
#329=EDGE_LOOP('',(#1962,#1963,#1964,#1965));
#330=EDGE_LOOP('',(#1966,#1967,#1968,#1969,#1970,#1971,#1972,#1973,#1974,
#1975,#1976,#1977));
#331=EDGE_LOOP('',(#1978));
#332=EDGE_LOOP('',(#1979,#1980,#1981,#1982));
#333=EDGE_LOOP('',(#1983,#1984,#1985,#1986));
#334=EDGE_LOOP('',(#1987,#1988,#1989,#1990));
#335=EDGE_LOOP('',(#1991,#1992,#1993,#1994));
#336=EDGE_LOOP('',(#1995,#1996,#1997,#1998));
#337=EDGE_LOOP('',(#1999,#2000,#2001,#2002));
#338=EDGE_LOOP('',(#2003,#2004,#2005,#2006));
#339=EDGE_LOOP('',(#2007,#2008,#2009,#2010));
#340=EDGE_LOOP('',(#2011,#2012,#2013,#2014));
#341=EDGE_LOOP('',(#2015,#2016,#2017,#2018));
#342=EDGE_LOOP('',(#2019,#2020,#2021,#2022));
#343=EDGE_LOOP('',(#2023,#2024,#2025,#2026));
#344=EDGE_LOOP('',(#2027,#2028,#2029,#2030));
#345=EDGE_LOOP('',(#2031,#2032,#2033,#2034));
#346=EDGE_LOOP('',(#2035,#2036,#2037,#2038));
#347=EDGE_LOOP('',(#2039,#2040,#2041,#2042));
#348=EDGE_LOOP('',(#2043,#2044,#2045,#2046));
#349=EDGE_LOOP('',(#2047,#2048,#2049,#2050));
#350=EDGE_LOOP('',(#2051,#2052,#2053,#2054));
#351=EDGE_LOOP('',(#2055,#2056,#2057,#2058));
#352=EDGE_LOOP('',(#2059,#2060,#2061,#2062));
#353=EDGE_LOOP('',(#2063,#2064,#2065,#2066));
#354=EDGE_LOOP('',(#2067,#2068,#2069,#2070));
#355=EDGE_LOOP('',(#2071,#2072,#2073,#2074));
#356=EDGE_LOOP('',(#2075,#2076,#2077,#2078));
#357=EDGE_LOOP('',(#2079,#2080,#2081,#2082));
#358=EDGE_LOOP('',(#2083,#2084,#2085,#2086));
#359=EDGE_LOOP('',(#2087,#2088,#2089,#2090));
#360=EDGE_LOOP('',(#2091,#2092,#2093,#2094));
#361=EDGE_LOOP('',(#2095,#2096,#2097,#2098));
#362=EDGE_LOOP('',(#2099,#2100,#2101,#2102));
#363=EDGE_LOOP('',(#2103,#2104,#2105,#2106));
#364=EDGE_LOOP('',(#2107,#2108,#2109,#2110));
#365=EDGE_LOOP('',(#2111,#2112,#2113,#2114));
#366=EDGE_LOOP('',(#2115));
#367=EDGE_LOOP('',(#2116));
#368=EDGE_LOOP('',(#2117,#2118,#2119,#2120));
#369=EDGE_LOOP('',(#2121,#2122,#2123,#2124));
#370=EDGE_LOOP('',(#2125));
#371=EDGE_LOOP('',(#2126));
#372=EDGE_LOOP('',(#2127,#2128,#2129,#2130));
#373=EDGE_LOOP('',(#2131,#2132,#2133,#2134));
#374=EDGE_LOOP('',(#2135));
#375=EDGE_LOOP('',(#2136));
#376=EDGE_LOOP('',(#2137,#2138,#2139,#2140));
#377=EDGE_LOOP('',(#2141,#2142,#2143,#2144));
#378=EDGE_LOOP('',(#2145));
#379=EDGE_LOOP('',(#2146));
#380=EDGE_LOOP('',(#2147,#2148,#2149,#2150,#2151,#2152,#2153,#2154));
#381=EDGE_LOOP('',(#2155));
#382=EDGE_LOOP('',(#2156));
#383=EDGE_LOOP('',(#2157));
#384=EDGE_LOOP('',(#2158));
#385=EDGE_LOOP('',(#2159));
#386=EDGE_LOOP('',(#2160));
#387=EDGE_LOOP('',(#2161));
#388=EDGE_LOOP('',(#2162,#2163,#2164,#2165));
#389=EDGE_LOOP('',(#2166,#2167,#2168,#2169));
#390=EDGE_LOOP('',(#2170,#2171,#2172,#2173));
#391=EDGE_LOOP('',(#2174,#2175,#2176,#2177));
#392=EDGE_LOOP('',(#2178,#2179,#2180,#2181));
#393=EDGE_LOOP('',(#2182,#2183,#2184,#2185,#2186,#2187,#2188,#2189));
#394=EDGE_LOOP('',(#2190,#2191,#2192,#2193));
#395=EDGE_LOOP('',(#2194,#2195,#2196,#2197,#2198,#2199,#2200,#2201));
#396=EDGE_LOOP('',(#2202,#2203,#2204,#2205));
#397=EDGE_LOOP('',(#2206,#2207,#2208,#2209,#2210,#2211,#2212,#2213));
#398=EDGE_LOOP('',(#2214,#2215,#2216,#2217));
#399=EDGE_LOOP('',(#2218,#2219,#2220,#2221,#2222,#2223,#2224,#2225));
#400=EDGE_LOOP('',(#2226));
#401=EDGE_LOOP('',(#2227,#2228,#2229,#2230));
#402=EDGE_LOOP('',(#2231,#2232,#2233,#2234,#2235,#2236,#2237,#2238));
#403=LINE('',#3327,#699);
#404=LINE('',#3329,#700);
#405=LINE('',#3331,#701);
#406=LINE('',#3332,#702);
#407=LINE('',#3336,#703);
#408=LINE('',#3342,#704);
#409=LINE('',#3343,#705);
#410=LINE('',#3344,#706);
#411=LINE('',#3348,#707);
#412=LINE('',#3354,#708);
#413=LINE('',#3355,#709);
#414=LINE('',#3356,#710);
#415=LINE('',#3360,#711);
#416=LINE('',#3366,#712);
#417=LINE('',#3367,#713);
#418=LINE('',#3368,#714);
#419=LINE('',#3374,#715);
#420=LINE('',#3377,#716);
#421=LINE('',#3380,#717);
#422=LINE('',#3381,#718);
#423=LINE('',#3384,#719);
#424=LINE('',#3386,#720);
#425=LINE('',#3388,#721);
#426=LINE('',#3390,#722);
#427=LINE('',#3392,#723);
#428=LINE('',#3394,#724);
#429=LINE('',#3396,#725);
#430=LINE('',#3397,#726);
#431=LINE('',#3400,#727);
#432=LINE('',#3404,#728);
#433=LINE('',#3405,#729);
#434=LINE('',#3408,#730);
#435=LINE('',#3410,#731);
#436=LINE('',#3412,#732);
#437=LINE('',#3414,#733);
#438=LINE('',#3416,#734);
#439=LINE('',#3418,#735);
#440=LINE('',#3420,#736);
#441=LINE('',#3421,#737);
#442=LINE('',#3433,#738);
#443=LINE('',#3436,#739);
#444=LINE('',#3439,#740);
#445=LINE('',#3440,#741);
#446=LINE('',#3443,#742);
#447=LINE('',#3445,#743);
#448=LINE('',#3447,#744);
#449=LINE('',#3449,#745);
#450=LINE('',#3451,#746);
#451=LINE('',#3453,#747);
#452=LINE('',#3455,#748);
#453=LINE('',#3456,#749);
#454=LINE('',#3459,#750);
#455=LINE('',#3464,#751);
#456=LINE('',#3468,#752);
#457=LINE('',#3472,#753);
#458=LINE('',#3475,#754);
#459=LINE('',#3478,#755);
#460=LINE('',#3480,#756);
#461=LINE('',#3482,#757);
#462=LINE('',#3484,#758);
#463=LINE('',#3486,#759);
#464=LINE('',#3488,#760);
#465=LINE('',#3490,#761);
#466=LINE('',#3492,#762);
#467=LINE('',#3494,#763);
#468=LINE('',#3496,#764);
#469=LINE('',#3498,#765);
#470=LINE('',#3499,#766);
#471=LINE('',#3502,#767);
#472=LINE('',#3504,#768);
#473=LINE('',#3506,#769);
#474=LINE('',#3508,#770);
#475=LINE('',#3510,#771);
#476=LINE('',#3512,#772);
#477=LINE('',#3514,#773);
#478=LINE('',#3516,#774);
#479=LINE('',#3518,#775);
#480=LINE('',#3520,#776);
#481=LINE('',#3522,#777);
#482=LINE('',#3523,#778);
#483=LINE('',#3526,#779);
#484=LINE('',#3528,#780);
#485=LINE('',#3530,#781);
#486=LINE('',#3532,#782);
#487=LINE('',#3534,#783);
#488=LINE('',#3536,#784);
#489=LINE('',#3538,#785);
#490=LINE('',#3540,#786);
#491=LINE('',#3542,#787);
#492=LINE('',#3544,#788);
#493=LINE('',#3546,#789);
#494=LINE('',#3547,#790);
#495=LINE('',#3550,#791);
#496=LINE('',#3552,#792);
#497=LINE('',#3554,#793);
#498=LINE('',#3556,#794);
#499=LINE('',#3558,#795);
#500=LINE('',#3560,#796);
#501=LINE('',#3562,#797);
#502=LINE('',#3564,#798);
#503=LINE('',#3566,#799);
#504=LINE('',#3568,#800);
#505=LINE('',#3570,#801);
#506=LINE('',#3571,#802);
#507=LINE('',#3576,#803);
#508=LINE('',#3580,#804);
#509=LINE('',#3584,#805);
#510=LINE('',#3588,#806);
#511=LINE('',#3591,#807);
#512=LINE('',#3593,#808);
#513=LINE('',#3594,#809);
#514=LINE('',#3597,#810);
#515=LINE('',#3598,#811);
#516=LINE('',#3601,#812);
#517=LINE('',#3602,#813);
#518=LINE('',#3605,#814);
#519=LINE('',#3606,#815);
#520=LINE('',#3609,#816);
#521=LINE('',#3610,#817);
#522=LINE('',#3613,#818);
#523=LINE('',#3614,#819);
#524=LINE('',#3617,#820);
#525=LINE('',#3618,#821);
#526=LINE('',#3621,#822);
#527=LINE('',#3622,#823);
#528=LINE('',#3625,#824);
#529=LINE('',#3626,#825);
#530=LINE('',#3629,#826);
#531=LINE('',#3630,#827);
#532=LINE('',#3633,#828);
#533=LINE('',#3634,#829);
#534=LINE('',#3636,#830);
#535=LINE('',#3640,#831);
#536=LINE('',#3642,#832);
#537=LINE('',#3643,#833);
#538=LINE('',#3646,#834);
#539=LINE('',#3647,#835);
#540=LINE('',#3650,#836);
#541=LINE('',#3651,#837);
#542=LINE('',#3654,#838);
#543=LINE('',#3655,#839);
#544=LINE('',#3658,#840);
#545=LINE('',#3659,#841);
#546=LINE('',#3662,#842);
#547=LINE('',#3663,#843);
#548=LINE('',#3666,#844);
#549=LINE('',#3667,#845);
#550=LINE('',#3670,#846);
#551=LINE('',#3671,#847);
#552=LINE('',#3674,#848);
#553=LINE('',#3675,#849);
#554=LINE('',#3678,#850);
#555=LINE('',#3679,#851);
#556=LINE('',#3682,#852);
#557=LINE('',#3683,#853);
#558=LINE('',#3685,#854);
#559=LINE('',#3689,#855);
#560=LINE('',#3691,#856);
#561=LINE('',#3692,#857);
#562=LINE('',#3695,#858);
#563=LINE('',#3696,#859);
#564=LINE('',#3699,#860);
#565=LINE('',#3700,#861);
#566=LINE('',#3703,#862);
#567=LINE('',#3704,#863);
#568=LINE('',#3707,#864);
#569=LINE('',#3708,#865);
#570=LINE('',#3711,#866);
#571=LINE('',#3712,#867);
#572=LINE('',#3715,#868);
#573=LINE('',#3716,#869);
#574=LINE('',#3719,#870);
#575=LINE('',#3720,#871);
#576=LINE('',#3723,#872);
#577=LINE('',#3724,#873);
#578=LINE('',#3727,#874);
#579=LINE('',#3728,#875);
#580=LINE('',#3731,#876);
#581=LINE('',#3732,#877);
#582=LINE('',#3734,#878);
#583=LINE('',#3738,#879);
#584=LINE('',#3740,#880);
#585=LINE('',#3741,#881);
#586=LINE('',#3744,#882);
#587=LINE('',#3745,#883);
#588=LINE('',#3748,#884);
#589=LINE('',#3749,#885);
#590=LINE('',#3752,#886);
#591=LINE('',#3753,#887);
#592=LINE('',#3756,#888);
#593=LINE('',#3757,#889);
#594=LINE('',#3760,#890);
#595=LINE('',#3761,#891);
#596=LINE('',#3764,#892);
#597=LINE('',#3765,#893);
#598=LINE('',#3768,#894);
#599=LINE('',#3769,#895);
#600=LINE('',#3772,#896);
#601=LINE('',#3773,#897);
#602=LINE('',#3776,#898);
#603=LINE('',#3777,#899);
#604=LINE('',#3780,#900);
#605=LINE('',#3781,#901);
#606=LINE('',#3783,#902);
#607=LINE('',#3788,#903);
#608=LINE('',#3789,#904);
#609=LINE('',#3790,#905);
#610=LINE('',#3793,#906);
#611=LINE('',#3795,#907);
#612=LINE('',#3796,#908);
#613=LINE('',#3799,#909);
#614=LINE('',#3800,#910);
#615=LINE('',#3803,#911);
#616=LINE('',#3804,#912);
#617=LINE('',#3807,#913);
#618=LINE('',#3808,#914);
#619=LINE('',#3811,#915);
#620=LINE('',#3812,#916);
#621=LINE('',#3815,#917);
#622=LINE('',#3816,#918);
#623=LINE('',#3819,#919);
#624=LINE('',#3820,#920);
#625=LINE('',#3823,#921);
#626=LINE('',#3824,#922);
#627=LINE('',#3827,#923);
#628=LINE('',#3828,#924);
#629=LINE('',#3831,#925);
#630=LINE('',#3832,#926);
#631=LINE('',#3834,#927);
#632=LINE('',#3837,#928);
#633=LINE('',#3838,#929);
#634=LINE('',#3841,#930);
#635=LINE('',#3842,#931);
#636=LINE('',#3845,#932);
#637=LINE('',#3846,#933);
#638=LINE('',#3848,#934);
#639=LINE('',#3852,#935);
#640=LINE('',#3854,#936);
#641=LINE('',#3856,#937);
#642=LINE('',#3857,#938);
#643=LINE('',#3860,#939);
#644=LINE('',#3862,#940);
#645=LINE('',#3863,#941);
#646=LINE('',#3866,#942);
#647=LINE('',#3868,#943);
#648=LINE('',#3869,#944);
#649=LINE('',#3872,#945);
#650=LINE('',#3874,#946);
#651=LINE('',#3875,#947);
#652=LINE('',#3878,#948);
#653=LINE('',#3879,#949);
#654=LINE('',#3882,#950);
#655=LINE('',#3884,#951);
#656=LINE('',#3885,#952);
#657=LINE('',#3888,#953);
#658=LINE('',#3890,#954);
#659=LINE('',#3891,#955);
#660=LINE('',#3894,#956);
#661=LINE('',#3895,#957);
#662=LINE('',#3898,#958);
#663=LINE('',#3900,#959);
#664=LINE('',#3901,#960);
#665=LINE('',#3904,#961);
#666=LINE('',#3906,#962);
#667=LINE('',#3907,#963);
#668=LINE('',#3910,#964);
#669=LINE('',#3911,#965);
#670=LINE('',#3913,#966);
#671=LINE('',#3914,#967);
#672=LINE('',#3917,#968);
#673=LINE('',#3918,#969);
#674=LINE('',#3921,#970);
#675=LINE('',#3922,#971);
#676=LINE('',#3925,#972);
#677=LINE('',#3926,#973);
#678=LINE('',#3928,#974);
#679=LINE('',#3933,#975);
#680=LINE('',#3939,#976);
#681=LINE('',#3946,#977);
#682=LINE('',#3952,#978);
#683=LINE('',#3959,#979);
#684=LINE('',#3965,#980);
#685=LINE('',#3972,#981);
#686=LINE('',#3978,#982);
#687=LINE('',#3986,#983);
#688=LINE('',#3990,#984);
#689=LINE('',#3994,#985);
#690=LINE('',#3997,#986);
#691=LINE('',#4002,#987);
#692=LINE('',#4003,#988);
#693=LINE('',#4005,#989);
#694=LINE('',#4006,#990);
#695=LINE('',#4008,#991);
#696=LINE('',#4009,#992);
#697=LINE('',#4011,#993);
#698=LINE('',#4012,#994);
#699=VECTOR('',#2679,10.);
#700=VECTOR('',#2680,10.);
#701=VECTOR('',#2681,10.);
#702=VECTOR('',#2682,10.);
#703=VECTOR('',#2685,10.);
#704=VECTOR('',#2692,10.);
#705=VECTOR('',#2693,10.);
#706=VECTOR('',#2694,10.);
#707=VECTOR('',#2697,10.);
#708=VECTOR('',#2704,10.);
#709=VECTOR('',#2705,10.);
#710=VECTOR('',#2706,10.);
#711=VECTOR('',#2709,10.);
#712=VECTOR('',#2716,10.);
#713=VECTOR('',#2717,10.);
#714=VECTOR('',#2718,10.);
#715=VECTOR('',#2727,10.);
#716=VECTOR('',#2730,10.);
#717=VECTOR('',#2733,10.);
#718=VECTOR('',#2734,10.);
#719=VECTOR('',#2735,10.);
#720=VECTOR('',#2736,10.);
#721=VECTOR('',#2737,10.);
#722=VECTOR('',#2738,10.);
#723=VECTOR('',#2739,10.);
#724=VECTOR('',#2740,10.);
#725=VECTOR('',#2741,10.);
#726=VECTOR('',#2742,10.);
#727=VECTOR('',#2745,10.);
#728=VECTOR('',#2750,10.);
#729=VECTOR('',#2751,10.);
#730=VECTOR('',#2752,10.);
#731=VECTOR('',#2753,10.);
#732=VECTOR('',#2754,10.);
#733=VECTOR('',#2755,10.);
#734=VECTOR('',#2756,10.);
#735=VECTOR('',#2757,10.);
#736=VECTOR('',#2758,10.);
#737=VECTOR('',#2759,10.);
#738=VECTOR('',#2772,10.);
#739=VECTOR('',#2775,10.);
#740=VECTOR('',#2778,10.);
#741=VECTOR('',#2779,10.);
#742=VECTOR('',#2780,10.);
#743=VECTOR('',#2781,10.);
#744=VECTOR('',#2782,10.);
#745=VECTOR('',#2783,10.);
#746=VECTOR('',#2784,10.);
#747=VECTOR('',#2785,10.);
#748=VECTOR('',#2786,10.);
#749=VECTOR('',#2787,10.);
#750=VECTOR('',#2792,10.);
#751=VECTOR('',#2795,10.);
#752=VECTOR('',#2798,10.);
#753=VECTOR('',#2801,10.);
#754=VECTOR('',#2804,10.);
#755=VECTOR('',#2805,10.);
#756=VECTOR('',#2806,10.);
#757=VECTOR('',#2807,10.);
#758=VECTOR('',#2808,10.);
#759=VECTOR('',#2809,10.);
#760=VECTOR('',#2810,10.);
#761=VECTOR('',#2811,10.);
#762=VECTOR('',#2812,10.);
#763=VECTOR('',#2813,10.);
#764=VECTOR('',#2814,10.);
#765=VECTOR('',#2815,10.);
#766=VECTOR('',#2816,10.);
#767=VECTOR('',#2817,10.);
#768=VECTOR('',#2818,10.);
#769=VECTOR('',#2819,10.);
#770=VECTOR('',#2820,10.);
#771=VECTOR('',#2821,10.);
#772=VECTOR('',#2822,10.);
#773=VECTOR('',#2823,10.);
#774=VECTOR('',#2824,10.);
#775=VECTOR('',#2825,10.);
#776=VECTOR('',#2826,10.);
#777=VECTOR('',#2827,10.);
#778=VECTOR('',#2828,10.);
#779=VECTOR('',#2829,10.);
#780=VECTOR('',#2830,10.);
#781=VECTOR('',#2831,10.);
#782=VECTOR('',#2832,10.);
#783=VECTOR('',#2833,10.);
#784=VECTOR('',#2834,10.);
#785=VECTOR('',#2835,10.);
#786=VECTOR('',#2836,10.);
#787=VECTOR('',#2837,10.);
#788=VECTOR('',#2838,10.);
#789=VECTOR('',#2839,10.);
#790=VECTOR('',#2840,10.);
#791=VECTOR('',#2841,10.);
#792=VECTOR('',#2842,10.);
#793=VECTOR('',#2843,10.);
#794=VECTOR('',#2844,10.);
#795=VECTOR('',#2845,10.);
#796=VECTOR('',#2846,10.);
#797=VECTOR('',#2847,10.);
#798=VECTOR('',#2848,10.);
#799=VECTOR('',#2849,10.);
#800=VECTOR('',#2850,10.);
#801=VECTOR('',#2851,10.);
#802=VECTOR('',#2852,10.);
#803=VECTOR('',#2859,3.25);
#804=VECTOR('',#2864,3.25);
#805=VECTOR('',#2869,3.25);
#806=VECTOR('',#2874,3.25);
#807=VECTOR('',#2877,10.);
#808=VECTOR('',#2878,10.);
#809=VECTOR('',#2879,10.);
#810=VECTOR('',#2882,10.);
#811=VECTOR('',#2883,10.);
#812=VECTOR('',#2886,10.);
#813=VECTOR('',#2887,10.);
#814=VECTOR('',#2890,10.);
#815=VECTOR('',#2891,10.);
#816=VECTOR('',#2894,10.);
#817=VECTOR('',#2895,10.);
#818=VECTOR('',#2898,10.);
#819=VECTOR('',#2899,10.);
#820=VECTOR('',#2902,10.);
#821=VECTOR('',#2903,10.);
#822=VECTOR('',#2906,10.);
#823=VECTOR('',#2907,10.);
#824=VECTOR('',#2910,10.);
#825=VECTOR('',#2911,10.);
#826=VECTOR('',#2914,10.);
#827=VECTOR('',#2915,10.);
#828=VECTOR('',#2918,10.);
#829=VECTOR('',#2919,10.);
#830=VECTOR('',#2922,10.);
#831=VECTOR('',#2927,10.);
#832=VECTOR('',#2928,10.);
#833=VECTOR('',#2929,10.);
#834=VECTOR('',#2932,10.);
#835=VECTOR('',#2933,10.);
#836=VECTOR('',#2936,10.);
#837=VECTOR('',#2937,10.);
#838=VECTOR('',#2940,10.);
#839=VECTOR('',#2941,10.);
#840=VECTOR('',#2944,10.);
#841=VECTOR('',#2945,10.);
#842=VECTOR('',#2948,10.);
#843=VECTOR('',#2949,10.);
#844=VECTOR('',#2952,10.);
#845=VECTOR('',#2953,10.);
#846=VECTOR('',#2956,10.);
#847=VECTOR('',#2957,10.);
#848=VECTOR('',#2960,10.);
#849=VECTOR('',#2961,10.);
#850=VECTOR('',#2964,10.);
#851=VECTOR('',#2965,10.);
#852=VECTOR('',#2968,10.);
#853=VECTOR('',#2969,10.);
#854=VECTOR('',#2972,10.);
#855=VECTOR('',#2977,10.);
#856=VECTOR('',#2978,10.);
#857=VECTOR('',#2979,10.);
#858=VECTOR('',#2982,10.);
#859=VECTOR('',#2983,10.);
#860=VECTOR('',#2986,10.);
#861=VECTOR('',#2987,10.);
#862=VECTOR('',#2990,10.);
#863=VECTOR('',#2991,10.);
#864=VECTOR('',#2994,10.);
#865=VECTOR('',#2995,10.);
#866=VECTOR('',#2998,10.);
#867=VECTOR('',#2999,10.);
#868=VECTOR('',#3002,10.);
#869=VECTOR('',#3003,10.);
#870=VECTOR('',#3006,10.);
#871=VECTOR('',#3007,10.);
#872=VECTOR('',#3010,10.);
#873=VECTOR('',#3011,10.);
#874=VECTOR('',#3014,10.);
#875=VECTOR('',#3015,10.);
#876=VECTOR('',#3018,10.);
#877=VECTOR('',#3019,10.);
#878=VECTOR('',#3022,10.);
#879=VECTOR('',#3027,10.);
#880=VECTOR('',#3028,10.);
#881=VECTOR('',#3029,10.);
#882=VECTOR('',#3032,10.);
#883=VECTOR('',#3033,10.);
#884=VECTOR('',#3036,10.);
#885=VECTOR('',#3037,10.);
#886=VECTOR('',#3040,10.);
#887=VECTOR('',#3041,10.);
#888=VECTOR('',#3044,10.);
#889=VECTOR('',#3045,10.);
#890=VECTOR('',#3048,10.);
#891=VECTOR('',#3049,10.);
#892=VECTOR('',#3052,10.);
#893=VECTOR('',#3053,10.);
#894=VECTOR('',#3056,10.);
#895=VECTOR('',#3057,10.);
#896=VECTOR('',#3060,10.);
#897=VECTOR('',#3061,10.);
#898=VECTOR('',#3064,10.);
#899=VECTOR('',#3065,10.);
#900=VECTOR('',#3068,10.);
#901=VECTOR('',#3069,10.);
#902=VECTOR('',#3072,10.);
#903=VECTOR('',#3077,10.);
#904=VECTOR('',#3078,10.);
#905=VECTOR('',#3079,10.);
#906=VECTOR('',#3082,10.);
#907=VECTOR('',#3083,10.);
#908=VECTOR('',#3084,10.);
#909=VECTOR('',#3087,10.);
#910=VECTOR('',#3088,10.);
#911=VECTOR('',#3091,10.);
#912=VECTOR('',#3092,10.);
#913=VECTOR('',#3095,10.);
#914=VECTOR('',#3096,10.);
#915=VECTOR('',#3099,10.);
#916=VECTOR('',#3100,10.);
#917=VECTOR('',#3103,10.);
#918=VECTOR('',#3104,10.);
#919=VECTOR('',#3107,10.);
#920=VECTOR('',#3108,10.);
#921=VECTOR('',#3111,10.);
#922=VECTOR('',#3112,10.);
#923=VECTOR('',#3115,10.);
#924=VECTOR('',#3116,10.);
#925=VECTOR('',#3119,10.);
#926=VECTOR('',#3120,10.);
#927=VECTOR('',#3123,10.);
#928=VECTOR('',#3126,10.);
#929=VECTOR('',#3127,10.);
#930=VECTOR('',#3130,10.);
#931=VECTOR('',#3131,10.);
#932=VECTOR('',#3134,10.);
#933=VECTOR('',#3135,10.);
#934=VECTOR('',#3138,10.);
#935=VECTOR('',#3141,10.);
#936=VECTOR('',#3142,10.);
#937=VECTOR('',#3143,10.);
#938=VECTOR('',#3144,10.);
#939=VECTOR('',#3147,10.);
#940=VECTOR('',#3148,10.);
#941=VECTOR('',#3149,10.);
#942=VECTOR('',#3152,10.);
#943=VECTOR('',#3153,10.);
#944=VECTOR('',#3154,10.);
#945=VECTOR('',#3157,10.);
#946=VECTOR('',#3158,10.);
#947=VECTOR('',#3159,10.);
#948=VECTOR('',#3162,10.);
#949=VECTOR('',#3163,10.);
#950=VECTOR('',#3166,10.);
#951=VECTOR('',#3167,10.);
#952=VECTOR('',#3168,10.);
#953=VECTOR('',#3171,10.);
#954=VECTOR('',#3172,10.);
#955=VECTOR('',#3173,10.);
#956=VECTOR('',#3176,10.);
#957=VECTOR('',#3177,10.);
#958=VECTOR('',#3180,10.);
#959=VECTOR('',#3181,10.);
#960=VECTOR('',#3182,10.);
#961=VECTOR('',#3185,10.);
#962=VECTOR('',#3186,10.);
#963=VECTOR('',#3187,10.);
#964=VECTOR('',#3190,10.);
#965=VECTOR('',#3191,10.);
#966=VECTOR('',#3194,10.);
#967=VECTOR('',#3195,10.);
#968=VECTOR('',#3198,10.);
#969=VECTOR('',#3199,10.);
#970=VECTOR('',#3202,10.);
#971=VECTOR('',#3203,10.);
#972=VECTOR('',#3206,10.);
#973=VECTOR('',#3207,10.);
#974=VECTOR('',#3210,10.);
#975=VECTOR('',#3215,1.99999999999999);
#976=VECTOR('',#3222,4.00000000000001);
#977=VECTOR('',#3231,1.99999999999999);
#978=VECTOR('',#3238,4.00000000000001);
#979=VECTOR('',#3247,1.99999999999999);
#980=VECTOR('',#3254,4.00000000000001);
#981=VECTOR('',#3263,1.99999999999999);
#982=VECTOR('',#3270,4.00000000000001);
#983=VECTOR('',#3279,10.);
#984=VECTOR('',#3282,10.);
#985=VECTOR('',#3285,10.);
#986=VECTOR('',#3288,10.);
#987=VECTOR('',#3297,10.);
#988=VECTOR('',#3298,10.);
#989=VECTOR('',#3301,10.);
#990=VECTOR('',#3302,10.);
#991=VECTOR('',#3305,10.);
#992=VECTOR('',#3306,10.);
#993=VECTOR('',#3309,10.);
#994=VECTOR('',#3310,10.);
#995=VERTEX_POINT('',#3325);
#996=VERTEX_POINT('',#3326);
#997=VERTEX_POINT('',#3328);
#998=VERTEX_POINT('',#3330);
#999=VERTEX_POINT('',#3334);
#1000=VERTEX_POINT('',#3335);
#1001=VERTEX_POINT('',#3340);
#1002=VERTEX_POINT('',#3341);
#1003=VERTEX_POINT('',#3346);
#1004=VERTEX_POINT('',#3347);
#1005=VERTEX_POINT('',#3352);
#1006=VERTEX_POINT('',#3353);
#1007=VERTEX_POINT('',#3358);
#1008=VERTEX_POINT('',#3359);
#1009=VERTEX_POINT('',#3364);
#1010=VERTEX_POINT('',#3365);
#1011=VERTEX_POINT('',#3373);
#1012=VERTEX_POINT('',#3375);
#1013=VERTEX_POINT('',#3379);
#1014=VERTEX_POINT('',#3382);
#1015=VERTEX_POINT('',#3383);
#1016=VERTEX_POINT('',#3385);
#1017=VERTEX_POINT('',#3387);
#1018=VERTEX_POINT('',#3389);
#1019=VERTEX_POINT('',#3391);
#1020=VERTEX_POINT('',#3393);
#1021=VERTEX_POINT('',#3395);
#1022=VERTEX_POINT('',#3399);
#1023=VERTEX_POINT('',#3403);
#1024=VERTEX_POINT('',#3406);
#1025=VERTEX_POINT('',#3407);
#1026=VERTEX_POINT('',#3409);
#1027=VERTEX_POINT('',#3411);
#1028=VERTEX_POINT('',#3413);
#1029=VERTEX_POINT('',#3415);
#1030=VERTEX_POINT('',#3417);
#1031=VERTEX_POINT('',#3419);
#1032=VERTEX_POINT('',#3423);
#1033=VERTEX_POINT('',#3425);
#1034=VERTEX_POINT('',#3427);
#1035=VERTEX_POINT('',#3429);
#1036=VERTEX_POINT('',#3432);
#1037=VERTEX_POINT('',#3434);
#1038=VERTEX_POINT('',#3438);
#1039=VERTEX_POINT('',#3441);
#1040=VERTEX_POINT('',#3442);
#1041=VERTEX_POINT('',#3444);
#1042=VERTEX_POINT('',#3446);
#1043=VERTEX_POINT('',#3448);
#1044=VERTEX_POINT('',#3450);
#1045=VERTEX_POINT('',#3452);
#1046=VERTEX_POINT('',#3454);
#1047=VERTEX_POINT('',#3460);
#1048=VERTEX_POINT('',#3461);
#1049=VERTEX_POINT('',#3463);
#1050=VERTEX_POINT('',#3465);
#1051=VERTEX_POINT('',#3467);
#1052=VERTEX_POINT('',#3469);
#1053=VERTEX_POINT('',#3471);
#1054=VERTEX_POINT('',#3473);
#1055=VERTEX_POINT('',#3476);
#1056=VERTEX_POINT('',#3477);
#1057=VERTEX_POINT('',#3479);
#1058=VERTEX_POINT('',#3481);
#1059=VERTEX_POINT('',#3483);
#1060=VERTEX_POINT('',#3485);
#1061=VERTEX_POINT('',#3487);
#1062=VERTEX_POINT('',#3489);
#1063=VERTEX_POINT('',#3491);
#1064=VERTEX_POINT('',#3493);
#1065=VERTEX_POINT('',#3495);
#1066=VERTEX_POINT('',#3497);
#1067=VERTEX_POINT('',#3500);
#1068=VERTEX_POINT('',#3501);
#1069=VERTEX_POINT('',#3503);
#1070=VERTEX_POINT('',#3505);
#1071=VERTEX_POINT('',#3507);
#1072=VERTEX_POINT('',#3509);
#1073=VERTEX_POINT('',#3511);
#1074=VERTEX_POINT('',#3513);
#1075=VERTEX_POINT('',#3515);
#1076=VERTEX_POINT('',#3517);
#1077=VERTEX_POINT('',#3519);
#1078=VERTEX_POINT('',#3521);
#1079=VERTEX_POINT('',#3524);
#1080=VERTEX_POINT('',#3525);
#1081=VERTEX_POINT('',#3527);
#1082=VERTEX_POINT('',#3529);
#1083=VERTEX_POINT('',#3531);
#1084=VERTEX_POINT('',#3533);
#1085=VERTEX_POINT('',#3535);
#1086=VERTEX_POINT('',#3537);
#1087=VERTEX_POINT('',#3539);
#1088=VERTEX_POINT('',#3541);
#1089=VERTEX_POINT('',#3543);
#1090=VERTEX_POINT('',#3545);
#1091=VERTEX_POINT('',#3548);
#1092=VERTEX_POINT('',#3549);
#1093=VERTEX_POINT('',#3551);
#1094=VERTEX_POINT('',#3553);
#1095=VERTEX_POINT('',#3555);
#1096=VERTEX_POINT('',#3557);
#1097=VERTEX_POINT('',#3559);
#1098=VERTEX_POINT('',#3561);
#1099=VERTEX_POINT('',#3563);
#1100=VERTEX_POINT('',#3565);
#1101=VERTEX_POINT('',#3567);
#1102=VERTEX_POINT('',#3569);
#1103=VERTEX_POINT('',#3574);
#1104=VERTEX_POINT('',#3578);
#1105=VERTEX_POINT('',#3582);
#1106=VERTEX_POINT('',#3586);
#1107=VERTEX_POINT('',#3590);
#1108=VERTEX_POINT('',#3592);
#1109=VERTEX_POINT('',#3596);
#1110=VERTEX_POINT('',#3600);
#1111=VERTEX_POINT('',#3604);
#1112=VERTEX_POINT('',#3608);
#1113=VERTEX_POINT('',#3612);
#1114=VERTEX_POINT('',#3616);
#1115=VERTEX_POINT('',#3620);
#1116=VERTEX_POINT('',#3624);
#1117=VERTEX_POINT('',#3628);
#1118=VERTEX_POINT('',#3632);
#1119=VERTEX_POINT('',#3639);
#1120=VERTEX_POINT('',#3641);
#1121=VERTEX_POINT('',#3645);
#1122=VERTEX_POINT('',#3649);
#1123=VERTEX_POINT('',#3653);
#1124=VERTEX_POINT('',#3657);
#1125=VERTEX_POINT('',#3661);
#1126=VERTEX_POINT('',#3665);
#1127=VERTEX_POINT('',#3669);
#1128=VERTEX_POINT('',#3673);
#1129=VERTEX_POINT('',#3677);
#1130=VERTEX_POINT('',#3681);
#1131=VERTEX_POINT('',#3688);
#1132=VERTEX_POINT('',#3690);
#1133=VERTEX_POINT('',#3694);
#1134=VERTEX_POINT('',#3698);
#1135=VERTEX_POINT('',#3702);
#1136=VERTEX_POINT('',#3706);
#1137=VERTEX_POINT('',#3710);
#1138=VERTEX_POINT('',#3714);
#1139=VERTEX_POINT('',#3718);
#1140=VERTEX_POINT('',#3722);
#1141=VERTEX_POINT('',#3726);
#1142=VERTEX_POINT('',#3730);
#1143=VERTEX_POINT('',#3737);
#1144=VERTEX_POINT('',#3739);
#1145=VERTEX_POINT('',#3743);
#1146=VERTEX_POINT('',#3747);
#1147=VERTEX_POINT('',#3751);
#1148=VERTEX_POINT('',#3755);
#1149=VERTEX_POINT('',#3759);
#1150=VERTEX_POINT('',#3763);
#1151=VERTEX_POINT('',#3767);
#1152=VERTEX_POINT('',#3771);
#1153=VERTEX_POINT('',#3775);
#1154=VERTEX_POINT('',#3779);
#1155=VERTEX_POINT('',#3786);
#1156=VERTEX_POINT('',#3787);
#1157=VERTEX_POINT('',#3792);
#1158=VERTEX_POINT('',#3794);
#1159=VERTEX_POINT('',#3798);
#1160=VERTEX_POINT('',#3802);
#1161=VERTEX_POINT('',#3806);
#1162=VERTEX_POINT('',#3810);
#1163=VERTEX_POINT('',#3814);
#1164=VERTEX_POINT('',#3818);
#1165=VERTEX_POINT('',#3822);
#1166=VERTEX_POINT('',#3826);
#1167=VERTEX_POINT('',#3830);
#1168=VERTEX_POINT('',#3836);
#1169=VERTEX_POINT('',#3840);
#1170=VERTEX_POINT('',#3844);
#1171=VERTEX_POINT('',#3850);
#1172=VERTEX_POINT('',#3851);
#1173=VERTEX_POINT('',#3853);
#1174=VERTEX_POINT('',#3855);
#1175=VERTEX_POINT('',#3859);
#1176=VERTEX_POINT('',#3861);
#1177=VERTEX_POINT('',#3865);
#1178=VERTEX_POINT('',#3867);
#1179=VERTEX_POINT('',#3871);
#1180=VERTEX_POINT('',#3873);
#1181=VERTEX_POINT('',#3877);
#1182=VERTEX_POINT('',#3881);
#1183=VERTEX_POINT('',#3883);
#1184=VERTEX_POINT('',#3887);
#1185=VERTEX_POINT('',#3889);
#1186=VERTEX_POINT('',#3893);
#1187=VERTEX_POINT('',#3897);
#1188=VERTEX_POINT('',#3899);
#1189=VERTEX_POINT('',#3903);
#1190=VERTEX_POINT('',#3905);
#1191=VERTEX_POINT('',#3909);
#1192=VERTEX_POINT('',#3916);
#1193=VERTEX_POINT('',#3920);
#1194=VERTEX_POINT('',#3924);
#1195=VERTEX_POINT('',#3930);
#1196=VERTEX_POINT('',#3932);
#1197=VERTEX_POINT('',#3936);
#1198=VERTEX_POINT('',#3938);
#1199=VERTEX_POINT('',#3943);
#1200=VERTEX_POINT('',#3945);
#1201=VERTEX_POINT('',#3949);
#1202=VERTEX_POINT('',#3951);
#1203=VERTEX_POINT('',#3956);
#1204=VERTEX_POINT('',#3958);
#1205=VERTEX_POINT('',#3962);
#1206=VERTEX_POINT('',#3964);
#1207=VERTEX_POINT('',#3969);
#1208=VERTEX_POINT('',#3971);
#1209=VERTEX_POINT('',#3975);
#1210=VERTEX_POINT('',#3977);
#1211=VERTEX_POINT('',#3982);
#1212=VERTEX_POINT('',#3983);
#1213=VERTEX_POINT('',#3985);
#1214=VERTEX_POINT('',#3987);
#1215=VERTEX_POINT('',#3989);
#1216=VERTEX_POINT('',#3991);
#1217=VERTEX_POINT('',#3993);
#1218=VERTEX_POINT('',#3995);
#1219=EDGE_CURVE('',#995,#996,#403,.T.);
#1220=EDGE_CURVE('',#996,#997,#404,.T.);
#1221=EDGE_CURVE('',#997,#998,#405,.T.);
#1222=EDGE_CURVE('',#998,#995,#406,.T.);
#1223=EDGE_CURVE('',#999,#1000,#407,.T.);
#1224=EDGE_CURVE('',#1000,#996,#64,.T.);
#1225=EDGE_CURVE('',#995,#999,#65,.T.);
#1226=EDGE_CURVE('',#1001,#1002,#408,.T.);
#1227=EDGE_CURVE('',#1002,#1000,#409,.T.);
#1228=EDGE_CURVE('',#999,#1001,#410,.T.);
#1229=EDGE_CURVE('',#1003,#1004,#411,.T.);
#1230=EDGE_CURVE('',#1004,#1002,#66,.T.);
#1231=EDGE_CURVE('',#1001,#1003,#67,.T.);
#1232=EDGE_CURVE('',#1005,#1006,#412,.T.);
#1233=EDGE_CURVE('',#1006,#1004,#413,.T.);
#1234=EDGE_CURVE('',#1003,#1005,#414,.T.);
#1235=EDGE_CURVE('',#1007,#1008,#415,.T.);
#1236=EDGE_CURVE('',#1008,#1006,#68,.T.);
#1237=EDGE_CURVE('',#1005,#1007,#69,.T.);
#1238=EDGE_CURVE('',#1009,#1010,#416,.T.);
#1239=EDGE_CURVE('',#1010,#1008,#417,.T.);
#1240=EDGE_CURVE('',#1007,#1009,#418,.T.);
#1241=EDGE_CURVE('',#997,#1010,#70,.T.);
#1242=EDGE_CURVE('',#1009,#998,#71,.T.);
#1243=EDGE_CURVE('',#1008,#1011,#419,.T.);
#1244=EDGE_CURVE('',#1011,#1012,#72,.T.);
#1245=EDGE_CURVE('',#1012,#1006,#420,.T.);
#1246=EDGE_CURVE('',#1013,#1010,#421,.T.);
#1247=EDGE_CURVE('',#1011,#1013,#422,.T.);
#1248=EDGE_CURVE('',#1014,#1015,#423,.T.);
#1249=EDGE_CURVE('',#1015,#1016,#424,.T.);
#1250=EDGE_CURVE('',#1016,#1017,#425,.T.);
#1251=EDGE_CURVE('',#1017,#1018,#426,.T.);
#1252=EDGE_CURVE('',#1018,#1019,#427,.T.);
#1253=EDGE_CURVE('',#1019,#1020,#428,.T.);
#1254=EDGE_CURVE('',#1020,#1021,#429,.T.);
#1255=EDGE_CURVE('',#1021,#1014,#430,.T.);
#1256=EDGE_CURVE('',#997,#1022,#431,.T.);
#1257=EDGE_CURVE('',#1022,#1013,#73,.T.);
#1258=EDGE_CURVE('',#1023,#996,#432,.T.);
#1259=EDGE_CURVE('',#1022,#1023,#433,.T.);
#1260=EDGE_CURVE('',#1024,#1025,#434,.T.);
#1261=EDGE_CURVE('',#1025,#1026,#435,.T.);
#1262=EDGE_CURVE('',#1026,#1027,#436,.T.);
#1263=EDGE_CURVE('',#1027,#1028,#437,.T.);
#1264=EDGE_CURVE('',#1028,#1029,#438,.T.);
#1265=EDGE_CURVE('',#1029,#1030,#439,.T.);
#1266=EDGE_CURVE('',#1030,#1031,#440,.T.);
#1267=EDGE_CURVE('',#1031,#1024,#441,.T.);
#1268=EDGE_CURVE('',#1032,#1032,#74,.T.);
#1269=EDGE_CURVE('',#1033,#1033,#75,.T.);
#1270=EDGE_CURVE('',#1034,#1034,#76,.T.);
#1271=EDGE_CURVE('',#1035,#1035,#77,.T.);
#1272=EDGE_CURVE('',#1004,#1036,#442,.T.);
#1273=EDGE_CURVE('',#1036,#1037,#78,.T.);
#1274=EDGE_CURVE('',#1037,#1002,#443,.T.);
#1275=EDGE_CURVE('',#1038,#1037,#444,.T.);
#1276=EDGE_CURVE('',#1000,#1038,#445,.T.);
#1277=EDGE_CURVE('',#1039,#1040,#446,.T.);
#1278=EDGE_CURVE('',#1040,#1041,#447,.T.);
#1279=EDGE_CURVE('',#1041,#1042,#448,.T.);
#1280=EDGE_CURVE('',#1042,#1043,#449,.T.);
#1281=EDGE_CURVE('',#1043,#1044,#450,.T.);
#1282=EDGE_CURVE('',#1044,#1045,#451,.T.);
#1283=EDGE_CURVE('',#1045,#1046,#452,.T.);
#1284=EDGE_CURVE('',#1046,#1039,#453,.T.);
#1285=EDGE_CURVE('',#1038,#1023,#79,.T.);
#1286=EDGE_CURVE('',#1036,#1012,#454,.T.);
#1287=EDGE_CURVE('',#1047,#1048,#80,.T.);
#1288=EDGE_CURVE('',#1048,#1049,#455,.T.);
#1289=EDGE_CURVE('',#1049,#1050,#81,.T.);
#1290=EDGE_CURVE('',#1050,#1051,#456,.T.);
#1291=EDGE_CURVE('',#1051,#1052,#82,.T.);
#1292=EDGE_CURVE('',#1052,#1053,#457,.T.);
#1293=EDGE_CURVE('',#1053,#1054,#83,.T.);
#1294=EDGE_CURVE('',#1054,#1047,#458,.T.);
#1295=EDGE_CURVE('',#1055,#1056,#459,.T.);
#1296=EDGE_CURVE('',#1056,#1057,#460,.T.);
#1297=EDGE_CURVE('',#1057,#1058,#461,.T.);
#1298=EDGE_CURVE('',#1058,#1059,#462,.T.);
#1299=EDGE_CURVE('',#1059,#1060,#463,.T.);
#1300=EDGE_CURVE('',#1060,#1061,#464,.T.);
#1301=EDGE_CURVE('',#1061,#1062,#465,.T.);
#1302=EDGE_CURVE('',#1062,#1063,#466,.T.);
#1303=EDGE_CURVE('',#1063,#1064,#467,.T.);
#1304=EDGE_CURVE('',#1064,#1065,#468,.T.);
#1305=EDGE_CURVE('',#1065,#1066,#469,.T.);
#1306=EDGE_CURVE('',#1066,#1055,#470,.T.);
#1307=EDGE_CURVE('',#1067,#1068,#471,.T.);
#1308=EDGE_CURVE('',#1068,#1069,#472,.T.);
#1309=EDGE_CURVE('',#1069,#1070,#473,.T.);
#1310=EDGE_CURVE('',#1070,#1071,#474,.T.);
#1311=EDGE_CURVE('',#1071,#1072,#475,.T.);
#1312=EDGE_CURVE('',#1072,#1073,#476,.T.);
#1313=EDGE_CURVE('',#1073,#1074,#477,.T.);
#1314=EDGE_CURVE('',#1074,#1075,#478,.T.);
#1315=EDGE_CURVE('',#1075,#1076,#479,.T.);
#1316=EDGE_CURVE('',#1076,#1077,#480,.T.);
#1317=EDGE_CURVE('',#1077,#1078,#481,.T.);
#1318=EDGE_CURVE('',#1078,#1067,#482,.T.);
#1319=EDGE_CURVE('',#1079,#1080,#483,.T.);
#1320=EDGE_CURVE('',#1080,#1081,#484,.T.);
#1321=EDGE_CURVE('',#1081,#1082,#485,.T.);
#1322=EDGE_CURVE('',#1082,#1083,#486,.T.);
#1323=EDGE_CURVE('',#1083,#1084,#487,.T.);
#1324=EDGE_CURVE('',#1084,#1085,#488,.T.);
#1325=EDGE_CURVE('',#1085,#1086,#489,.T.);
#1326=EDGE_CURVE('',#1086,#1087,#490,.T.);
#1327=EDGE_CURVE('',#1087,#1088,#491,.T.);
#1328=EDGE_CURVE('',#1088,#1089,#492,.T.);
#1329=EDGE_CURVE('',#1089,#1090,#493,.T.);
#1330=EDGE_CURVE('',#1090,#1079,#494,.T.);
#1331=EDGE_CURVE('',#1091,#1092,#495,.T.);
#1332=EDGE_CURVE('',#1092,#1093,#496,.T.);
#1333=EDGE_CURVE('',#1093,#1094,#497,.T.);
#1334=EDGE_CURVE('',#1094,#1095,#498,.T.);
#1335=EDGE_CURVE('',#1095,#1096,#499,.T.);
#1336=EDGE_CURVE('',#1096,#1097,#500,.T.);
#1337=EDGE_CURVE('',#1097,#1098,#501,.T.);
#1338=EDGE_CURVE('',#1098,#1099,#502,.T.);
#1339=EDGE_CURVE('',#1099,#1100,#503,.T.);
#1340=EDGE_CURVE('',#1100,#1101,#504,.T.);
#1341=EDGE_CURVE('',#1101,#1102,#505,.T.);
#1342=EDGE_CURVE('',#1102,#1091,#506,.T.);
#1343=EDGE_CURVE('',#1103,#1103,#84,.T.);
#1344=EDGE_CURVE('',#1103,#1032,#507,.T.);
#1345=EDGE_CURVE('',#1104,#1104,#85,.T.);
#1346=EDGE_CURVE('',#1104,#1033,#508,.T.);
#1347=EDGE_CURVE('',#1105,#1105,#86,.T.);
#1348=EDGE_CURVE('',#1105,#1034,#509,.T.);
#1349=EDGE_CURVE('',#1106,#1106,#87,.T.);
#1350=EDGE_CURVE('',#1106,#1035,#510,.T.);
#1351=EDGE_CURVE('',#1091,#1107,#511,.T.);
#1352=EDGE_CURVE('',#1107,#1108,#512,.T.);
#1353=EDGE_CURVE('',#1092,#1108,#513,.T.);
#1354=EDGE_CURVE('',#1102,#1109,#514,.T.);
#1355=EDGE_CURVE('',#1109,#1107,#515,.T.);
#1356=EDGE_CURVE('',#1101,#1110,#516,.T.);
#1357=EDGE_CURVE('',#1110,#1109,#517,.T.);
#1358=EDGE_CURVE('',#1100,#1111,#518,.T.);
#1359=EDGE_CURVE('',#1111,#1110,#519,.T.);
#1360=EDGE_CURVE('',#1099,#1112,#520,.T.);
#1361=EDGE_CURVE('',#1112,#1111,#521,.T.);
#1362=EDGE_CURVE('',#1098,#1113,#522,.T.);
#1363=EDGE_CURVE('',#1113,#1112,#523,.T.);
#1364=EDGE_CURVE('',#1097,#1114,#524,.T.);
#1365=EDGE_CURVE('',#1114,#1113,#525,.T.);
#1366=EDGE_CURVE('',#1096,#1115,#526,.T.);
#1367=EDGE_CURVE('',#1115,#1114,#527,.T.);
#1368=EDGE_CURVE('',#1095,#1116,#528,.T.);
#1369=EDGE_CURVE('',#1116,#1115,#529,.T.);
#1370=EDGE_CURVE('',#1094,#1117,#530,.T.);
#1371=EDGE_CURVE('',#1117,#1116,#531,.T.);
#1372=EDGE_CURVE('',#1093,#1118,#532,.T.);
#1373=EDGE_CURVE('',#1118,#1117,#533,.T.);
#1374=EDGE_CURVE('',#1108,#1118,#534,.T.);
#1375=EDGE_CURVE('',#1079,#1119,#535,.T.);
#1376=EDGE_CURVE('',#1119,#1120,#536,.T.);
#1377=EDGE_CURVE('',#1080,#1120,#537,.T.);
#1378=EDGE_CURVE('',#1090,#1121,#538,.T.);
#1379=EDGE_CURVE('',#1121,#1119,#539,.T.);
#1380=EDGE_CURVE('',#1089,#1122,#540,.T.);
#1381=EDGE_CURVE('',#1122,#1121,#541,.T.);
#1382=EDGE_CURVE('',#1088,#1123,#542,.T.);
#1383=EDGE_CURVE('',#1123,#1122,#543,.T.);
#1384=EDGE_CURVE('',#1087,#1124,#544,.T.);
#1385=EDGE_CURVE('',#1124,#1123,#545,.T.);
#1386=EDGE_CURVE('',#1086,#1125,#546,.T.);
#1387=EDGE_CURVE('',#1125,#1124,#547,.T.);
#1388=EDGE_CURVE('',#1085,#1126,#548,.T.);
#1389=EDGE_CURVE('',#1126,#1125,#549,.T.);
#1390=EDGE_CURVE('',#1084,#1127,#550,.T.);
#1391=EDGE_CURVE('',#1127,#1126,#551,.T.);
#1392=EDGE_CURVE('',#1083,#1128,#552,.T.);
#1393=EDGE_CURVE('',#1128,#1127,#553,.T.);
#1394=EDGE_CURVE('',#1082,#1129,#554,.T.);
#1395=EDGE_CURVE('',#1129,#1128,#555,.T.);
#1396=EDGE_CURVE('',#1081,#1130,#556,.T.);
#1397=EDGE_CURVE('',#1130,#1129,#557,.T.);
#1398=EDGE_CURVE('',#1120,#1130,#558,.T.);
#1399=EDGE_CURVE('',#1067,#1131,#559,.T.);
#1400=EDGE_CURVE('',#1131,#1132,#560,.T.);
#1401=EDGE_CURVE('',#1068,#1132,#561,.T.);
#1402=EDGE_CURVE('',#1078,#1133,#562,.T.);
#1403=EDGE_CURVE('',#1133,#1131,#563,.T.);
#1404=EDGE_CURVE('',#1077,#1134,#564,.T.);
#1405=EDGE_CURVE('',#1134,#1133,#565,.T.);
#1406=EDGE_CURVE('',#1076,#1135,#566,.T.);
#1407=EDGE_CURVE('',#1135,#1134,#567,.T.);
#1408=EDGE_CURVE('',#1075,#1136,#568,.T.);
#1409=EDGE_CURVE('',#1136,#1135,#569,.T.);
#1410=EDGE_CURVE('',#1074,#1137,#570,.T.);
#1411=EDGE_CURVE('',#1137,#1136,#571,.T.);
#1412=EDGE_CURVE('',#1073,#1138,#572,.T.);
#1413=EDGE_CURVE('',#1138,#1137,#573,.T.);
#1414=EDGE_CURVE('',#1072,#1139,#574,.T.);
#1415=EDGE_CURVE('',#1139,#1138,#575,.T.);
#1416=EDGE_CURVE('',#1071,#1140,#576,.T.);
#1417=EDGE_CURVE('',#1140,#1139,#577,.T.);
#1418=EDGE_CURVE('',#1070,#1141,#578,.T.);
#1419=EDGE_CURVE('',#1141,#1140,#579,.T.);
#1420=EDGE_CURVE('',#1069,#1142,#580,.T.);
#1421=EDGE_CURVE('',#1142,#1141,#581,.T.);
#1422=EDGE_CURVE('',#1132,#1142,#582,.T.);
#1423=EDGE_CURVE('',#1055,#1143,#583,.T.);
#1424=EDGE_CURVE('',#1143,#1144,#584,.T.);
#1425=EDGE_CURVE('',#1056,#1144,#585,.T.);
#1426=EDGE_CURVE('',#1066,#1145,#586,.T.);
#1427=EDGE_CURVE('',#1145,#1143,#587,.T.);
#1428=EDGE_CURVE('',#1065,#1146,#588,.T.);
#1429=EDGE_CURVE('',#1146,#1145,#589,.T.);
#1430=EDGE_CURVE('',#1064,#1147,#590,.T.);
#1431=EDGE_CURVE('',#1147,#1146,#591,.T.);
#1432=EDGE_CURVE('',#1063,#1148,#592,.T.);
#1433=EDGE_CURVE('',#1148,#1147,#593,.T.);
#1434=EDGE_CURVE('',#1062,#1149,#594,.T.);
#1435=EDGE_CURVE('',#1149,#1148,#595,.T.);
#1436=EDGE_CURVE('',#1061,#1150,#596,.T.);
#1437=EDGE_CURVE('',#1150,#1149,#597,.T.);
#1438=EDGE_CURVE('',#1060,#1151,#598,.T.);
#1439=EDGE_CURVE('',#1151,#1150,#599,.T.);
#1440=EDGE_CURVE('',#1059,#1152,#600,.T.);
#1441=EDGE_CURVE('',#1152,#1151,#601,.T.);
#1442=EDGE_CURVE('',#1058,#1153,#602,.T.);
#1443=EDGE_CURVE('',#1153,#1152,#603,.T.);
#1444=EDGE_CURVE('',#1057,#1154,#604,.T.);
#1445=EDGE_CURVE('',#1154,#1153,#605,.T.);
#1446=EDGE_CURVE('',#1144,#1154,#606,.T.);
#1447=EDGE_CURVE('',#1155,#1156,#607,.T.);
#1448=EDGE_CURVE('',#1044,#1155,#608,.T.);
#1449=EDGE_CURVE('',#1043,#1156,#609,.T.);
#1450=EDGE_CURVE('',#1157,#1018,#610,.T.);
#1451=EDGE_CURVE('',#1158,#1157,#611,.T.);
#1452=EDGE_CURVE('',#1158,#1019,#612,.T.);
#1453=EDGE_CURVE('',#1159,#1155,#613,.T.);
#1454=EDGE_CURVE('',#1045,#1159,#614,.T.);
#1455=EDGE_CURVE('',#1156,#1160,#615,.T.);
#1456=EDGE_CURVE('',#1042,#1160,#616,.T.);
#1457=EDGE_CURVE('',#1161,#1158,#617,.T.);
#1458=EDGE_CURVE('',#1161,#1020,#618,.T.);
#1459=EDGE_CURVE('',#1162,#1159,#619,.T.);
#1460=EDGE_CURVE('',#1046,#1162,#620,.T.);
#1461=EDGE_CURVE('',#1160,#1163,#621,.T.);
#1462=EDGE_CURVE('',#1041,#1163,#622,.T.);
#1463=EDGE_CURVE('',#1164,#1161,#623,.T.);
#1464=EDGE_CURVE('',#1164,#1021,#624,.T.);
#1465=EDGE_CURVE('',#1165,#1162,#625,.T.);
#1466=EDGE_CURVE('',#1039,#1165,#626,.T.);
#1467=EDGE_CURVE('',#1163,#1166,#627,.T.);
#1468=EDGE_CURVE('',#1040,#1166,#628,.T.);
#1469=EDGE_CURVE('',#1167,#1164,#629,.T.);
#1470=EDGE_CURVE('',#1167,#1014,#630,.T.);
#1471=EDGE_CURVE('',#1166,#1165,#631,.T.);
#1472=EDGE_CURVE('',#1168,#1167,#632,.T.);
#1473=EDGE_CURVE('',#1168,#1015,#633,.T.);
#1474=EDGE_CURVE('',#1169,#1168,#634,.T.);
#1475=EDGE_CURVE('',#1169,#1016,#635,.T.);
#1476=EDGE_CURVE('',#1170,#1169,#636,.T.);
#1477=EDGE_CURVE('',#1170,#1017,#637,.T.);
#1478=EDGE_CURVE('',#1157,#1170,#638,.T.);
#1479=EDGE_CURVE('',#1171,#1172,#639,.T.);
#1480=EDGE_CURVE('',#1173,#1171,#640,.T.);
#1481=EDGE_CURVE('',#1174,#1173,#641,.T.);
#1482=EDGE_CURVE('',#1174,#1172,#642,.T.);
#1483=EDGE_CURVE('',#1175,#1028,#643,.T.);
#1484=EDGE_CURVE('',#1176,#1175,#644,.T.);
#1485=EDGE_CURVE('',#1176,#1029,#645,.T.);
#1486=EDGE_CURVE('',#1177,#1171,#646,.T.);
#1487=EDGE_CURVE('',#1178,#1177,#647,.T.);
#1488=EDGE_CURVE('',#1173,#1178,#648,.T.);
#1489=EDGE_CURVE('',#1172,#1179,#649,.T.);
#1490=EDGE_CURVE('',#1180,#1174,#650,.T.);
#1491=EDGE_CURVE('',#1180,#1179,#651,.T.);
#1492=EDGE_CURVE('',#1181,#1176,#652,.T.);
#1493=EDGE_CURVE('',#1181,#1030,#653,.T.);
#1494=EDGE_CURVE('',#1182,#1177,#654,.T.);
#1495=EDGE_CURVE('',#1183,#1182,#655,.T.);
#1496=EDGE_CURVE('',#1178,#1183,#656,.T.);
#1497=EDGE_CURVE('',#1179,#1184,#657,.T.);
#1498=EDGE_CURVE('',#1185,#1180,#658,.T.);
#1499=EDGE_CURVE('',#1185,#1184,#659,.T.);
#1500=EDGE_CURVE('',#1186,#1181,#660,.T.);
#1501=EDGE_CURVE('',#1186,#1031,#661,.T.);
#1502=EDGE_CURVE('',#1187,#1182,#662,.T.);
#1503=EDGE_CURVE('',#1188,#1187,#663,.T.);
#1504=EDGE_CURVE('',#1183,#1188,#664,.T.);
#1505=EDGE_CURVE('',#1184,#1189,#665,.T.);
#1506=EDGE_CURVE('',#1190,#1185,#666,.T.);
#1507=EDGE_CURVE('',#1190,#1189,#667,.T.);
#1508=EDGE_CURVE('',#1191,#1186,#668,.T.);
#1509=EDGE_CURVE('',#1191,#1024,#669,.T.);
#1510=EDGE_CURVE('',#1189,#1187,#670,.T.);
#1511=EDGE_CURVE('',#1188,#1190,#671,.T.);
#1512=EDGE_CURVE('',#1192,#1191,#672,.T.);
#1513=EDGE_CURVE('',#1192,#1025,#673,.T.);
#1514=EDGE_CURVE('',#1193,#1192,#674,.T.);
#1515=EDGE_CURVE('',#1193,#1026,#675,.T.);
#1516=EDGE_CURVE('',#1194,#1193,#676,.T.);
#1517=EDGE_CURVE('',#1194,#1027,#677,.T.);
#1518=EDGE_CURVE('',#1175,#1194,#678,.T.);
#1519=EDGE_CURVE('',#1195,#1195,#88,.T.);
#1520=EDGE_CURVE('',#1195,#1196,#679,.T.);
#1521=EDGE_CURVE('',#1196,#1196,#89,.T.);
#1522=EDGE_CURVE('',#1197,#1197,#90,.T.);
#1523=EDGE_CURVE('',#1197,#1198,#680,.T.);
#1524=EDGE_CURVE('',#1198,#1198,#91,.T.);
#1525=EDGE_CURVE('',#1199,#1199,#92,.T.);
#1526=EDGE_CURVE('',#1199,#1200,#681,.T.);
#1527=EDGE_CURVE('',#1200,#1200,#93,.T.);
#1528=EDGE_CURVE('',#1201,#1201,#94,.T.);
#1529=EDGE_CURVE('',#1201,#1202,#682,.T.);
#1530=EDGE_CURVE('',#1202,#1202,#95,.T.);
#1531=EDGE_CURVE('',#1203,#1203,#96,.T.);
#1532=EDGE_CURVE('',#1203,#1204,#683,.T.);
#1533=EDGE_CURVE('',#1204,#1204,#97,.T.);
#1534=EDGE_CURVE('',#1205,#1205,#98,.T.);
#1535=EDGE_CURVE('',#1205,#1206,#684,.T.);
#1536=EDGE_CURVE('',#1206,#1206,#99,.T.);
#1537=EDGE_CURVE('',#1207,#1207,#100,.T.);
#1538=EDGE_CURVE('',#1207,#1208,#685,.T.);
#1539=EDGE_CURVE('',#1208,#1208,#101,.T.);
#1540=EDGE_CURVE('',#1209,#1209,#102,.T.);
#1541=EDGE_CURVE('',#1209,#1210,#686,.T.);
#1542=EDGE_CURVE('',#1210,#1210,#103,.T.);
#1543=EDGE_CURVE('',#1211,#1212,#104,.T.);
#1544=EDGE_CURVE('',#1212,#1213,#687,.F.);
#1545=EDGE_CURVE('',#1213,#1214,#105,.T.);
#1546=EDGE_CURVE('',#1214,#1215,#688,.F.);
#1547=EDGE_CURVE('',#1215,#1216,#106,.T.);
#1548=EDGE_CURVE('',#1216,#1217,#689,.F.);
#1549=EDGE_CURVE('',#1217,#1218,#107,.T.);
#1550=EDGE_CURVE('',#1218,#1211,#690,.F.);
#1551=EDGE_CURVE('',#1212,#1047,#691,.T.);
#1552=EDGE_CURVE('',#1048,#1211,#692,.T.);
#1553=EDGE_CURVE('',#1216,#1051,#693,.T.);
#1554=EDGE_CURVE('',#1052,#1215,#694,.T.);
#1555=EDGE_CURVE('',#1214,#1053,#695,.T.);
#1556=EDGE_CURVE('',#1054,#1213,#696,.T.);
#1557=EDGE_CURVE('',#1218,#1049,#697,.T.);
#1558=EDGE_CURVE('',#1050,#1217,#698,.T.);
#1559=ORIENTED_EDGE('',*,*,#1219,.T.);
#1560=ORIENTED_EDGE('',*,*,#1220,.T.);
#1561=ORIENTED_EDGE('',*,*,#1221,.T.);
#1562=ORIENTED_EDGE('',*,*,#1222,.T.);
#1563=ORIENTED_EDGE('',*,*,#1223,.T.);
#1564=ORIENTED_EDGE('',*,*,#1224,.T.);
#1565=ORIENTED_EDGE('',*,*,#1219,.F.);
#1566=ORIENTED_EDGE('',*,*,#1225,.T.);
#1567=ORIENTED_EDGE('',*,*,#1226,.T.);
#1568=ORIENTED_EDGE('',*,*,#1227,.T.);
#1569=ORIENTED_EDGE('',*,*,#1223,.F.);
#1570=ORIENTED_EDGE('',*,*,#1228,.T.);
#1571=ORIENTED_EDGE('',*,*,#1229,.T.);
#1572=ORIENTED_EDGE('',*,*,#1230,.T.);
#1573=ORIENTED_EDGE('',*,*,#1226,.F.);
#1574=ORIENTED_EDGE('',*,*,#1231,.T.);
#1575=ORIENTED_EDGE('',*,*,#1232,.T.);
#1576=ORIENTED_EDGE('',*,*,#1233,.T.);
#1577=ORIENTED_EDGE('',*,*,#1229,.F.);
#1578=ORIENTED_EDGE('',*,*,#1234,.T.);
#1579=ORIENTED_EDGE('',*,*,#1235,.T.);
#1580=ORIENTED_EDGE('',*,*,#1236,.T.);
#1581=ORIENTED_EDGE('',*,*,#1232,.F.);
#1582=ORIENTED_EDGE('',*,*,#1237,.T.);
#1583=ORIENTED_EDGE('',*,*,#1238,.T.);
#1584=ORIENTED_EDGE('',*,*,#1239,.T.);
#1585=ORIENTED_EDGE('',*,*,#1235,.F.);
#1586=ORIENTED_EDGE('',*,*,#1240,.T.);
#1587=ORIENTED_EDGE('',*,*,#1221,.F.);
#1588=ORIENTED_EDGE('',*,*,#1241,.T.);
#1589=ORIENTED_EDGE('',*,*,#1238,.F.);
#1590=ORIENTED_EDGE('',*,*,#1242,.T.);
#1591=ORIENTED_EDGE('',*,*,#1236,.F.);
#1592=ORIENTED_EDGE('',*,*,#1243,.T.);
#1593=ORIENTED_EDGE('',*,*,#1244,.T.);
#1594=ORIENTED_EDGE('',*,*,#1245,.T.);
#1595=ORIENTED_EDGE('',*,*,#1239,.F.);
#1596=ORIENTED_EDGE('',*,*,#1246,.F.);
#1597=ORIENTED_EDGE('',*,*,#1247,.F.);
#1598=ORIENTED_EDGE('',*,*,#1243,.F.);
#1599=ORIENTED_EDGE('',*,*,#1248,.T.);
#1600=ORIENTED_EDGE('',*,*,#1249,.T.);
#1601=ORIENTED_EDGE('',*,*,#1250,.T.);
#1602=ORIENTED_EDGE('',*,*,#1251,.T.);
#1603=ORIENTED_EDGE('',*,*,#1252,.T.);
#1604=ORIENTED_EDGE('',*,*,#1253,.T.);
#1605=ORIENTED_EDGE('',*,*,#1254,.T.);
#1606=ORIENTED_EDGE('',*,*,#1255,.T.);
#1607=ORIENTED_EDGE('',*,*,#1241,.F.);
#1608=ORIENTED_EDGE('',*,*,#1256,.T.);
#1609=ORIENTED_EDGE('',*,*,#1257,.T.);
#1610=ORIENTED_EDGE('',*,*,#1246,.T.);
#1611=ORIENTED_EDGE('',*,*,#1220,.F.);
#1612=ORIENTED_EDGE('',*,*,#1258,.F.);
#1613=ORIENTED_EDGE('',*,*,#1259,.F.);
#1614=ORIENTED_EDGE('',*,*,#1256,.F.);
#1615=ORIENTED_EDGE('',*,*,#1260,.T.);
#1616=ORIENTED_EDGE('',*,*,#1261,.T.);
#1617=ORIENTED_EDGE('',*,*,#1262,.T.);
#1618=ORIENTED_EDGE('',*,*,#1263,.T.);
#1619=ORIENTED_EDGE('',*,*,#1264,.T.);
#1620=ORIENTED_EDGE('',*,*,#1265,.T.);
#1621=ORIENTED_EDGE('',*,*,#1266,.T.);
#1622=ORIENTED_EDGE('',*,*,#1267,.T.);
#1623=ORIENTED_EDGE('',*,*,#1222,.F.);
#1624=ORIENTED_EDGE('',*,*,#1242,.F.);
#1625=ORIENTED_EDGE('',*,*,#1240,.F.);
#1626=ORIENTED_EDGE('',*,*,#1237,.F.);
#1627=ORIENTED_EDGE('',*,*,#1234,.F.);
#1628=ORIENTED_EDGE('',*,*,#1231,.F.);
#1629=ORIENTED_EDGE('',*,*,#1228,.F.);
#1630=ORIENTED_EDGE('',*,*,#1225,.F.);
#1631=ORIENTED_EDGE('',*,*,#1268,.T.);
#1632=ORIENTED_EDGE('',*,*,#1269,.T.);
#1633=ORIENTED_EDGE('',*,*,#1270,.T.);
#1634=ORIENTED_EDGE('',*,*,#1271,.T.);
#1635=ORIENTED_EDGE('',*,*,#1230,.F.);
#1636=ORIENTED_EDGE('',*,*,#1272,.T.);
#1637=ORIENTED_EDGE('',*,*,#1273,.T.);
#1638=ORIENTED_EDGE('',*,*,#1274,.T.);
#1639=ORIENTED_EDGE('',*,*,#1227,.F.);
#1640=ORIENTED_EDGE('',*,*,#1274,.F.);
#1641=ORIENTED_EDGE('',*,*,#1275,.F.);
#1642=ORIENTED_EDGE('',*,*,#1276,.F.);
#1643=ORIENTED_EDGE('',*,*,#1277,.T.);
#1644=ORIENTED_EDGE('',*,*,#1278,.T.);
#1645=ORIENTED_EDGE('',*,*,#1279,.T.);
#1646=ORIENTED_EDGE('',*,*,#1280,.T.);
#1647=ORIENTED_EDGE('',*,*,#1281,.T.);
#1648=ORIENTED_EDGE('',*,*,#1282,.T.);
#1649=ORIENTED_EDGE('',*,*,#1283,.T.);
#1650=ORIENTED_EDGE('',*,*,#1284,.T.);
#1651=ORIENTED_EDGE('',*,*,#1244,.F.);
#1652=ORIENTED_EDGE('',*,*,#1247,.T.);
#1653=ORIENTED_EDGE('',*,*,#1257,.F.);
#1654=ORIENTED_EDGE('',*,*,#1259,.T.);
#1655=ORIENTED_EDGE('',*,*,#1285,.F.);
#1656=ORIENTED_EDGE('',*,*,#1275,.T.);
#1657=ORIENTED_EDGE('',*,*,#1273,.F.);
#1658=ORIENTED_EDGE('',*,*,#1286,.T.);
#1659=ORIENTED_EDGE('',*,*,#1287,.T.);
#1660=ORIENTED_EDGE('',*,*,#1288,.T.);
#1661=ORIENTED_EDGE('',*,*,#1289,.T.);
#1662=ORIENTED_EDGE('',*,*,#1290,.T.);
#1663=ORIENTED_EDGE('',*,*,#1291,.T.);
#1664=ORIENTED_EDGE('',*,*,#1292,.T.);
#1665=ORIENTED_EDGE('',*,*,#1293,.T.);
#1666=ORIENTED_EDGE('',*,*,#1294,.T.);
#1667=ORIENTED_EDGE('',*,*,#1295,.T.);
#1668=ORIENTED_EDGE('',*,*,#1296,.T.);
#1669=ORIENTED_EDGE('',*,*,#1297,.T.);
#1670=ORIENTED_EDGE('',*,*,#1298,.T.);
#1671=ORIENTED_EDGE('',*,*,#1299,.T.);
#1672=ORIENTED_EDGE('',*,*,#1300,.T.);
#1673=ORIENTED_EDGE('',*,*,#1301,.T.);
#1674=ORIENTED_EDGE('',*,*,#1302,.T.);
#1675=ORIENTED_EDGE('',*,*,#1303,.T.);
#1676=ORIENTED_EDGE('',*,*,#1304,.T.);
#1677=ORIENTED_EDGE('',*,*,#1305,.T.);
#1678=ORIENTED_EDGE('',*,*,#1306,.T.);
#1679=ORIENTED_EDGE('',*,*,#1307,.T.);
#1680=ORIENTED_EDGE('',*,*,#1308,.T.);
#1681=ORIENTED_EDGE('',*,*,#1309,.T.);
#1682=ORIENTED_EDGE('',*,*,#1310,.T.);
#1683=ORIENTED_EDGE('',*,*,#1311,.T.);
#1684=ORIENTED_EDGE('',*,*,#1312,.T.);
#1685=ORIENTED_EDGE('',*,*,#1313,.T.);
#1686=ORIENTED_EDGE('',*,*,#1314,.T.);
#1687=ORIENTED_EDGE('',*,*,#1315,.T.);
#1688=ORIENTED_EDGE('',*,*,#1316,.T.);
#1689=ORIENTED_EDGE('',*,*,#1317,.T.);
#1690=ORIENTED_EDGE('',*,*,#1318,.T.);
#1691=ORIENTED_EDGE('',*,*,#1319,.T.);
#1692=ORIENTED_EDGE('',*,*,#1320,.T.);
#1693=ORIENTED_EDGE('',*,*,#1321,.T.);
#1694=ORIENTED_EDGE('',*,*,#1322,.T.);
#1695=ORIENTED_EDGE('',*,*,#1323,.T.);
#1696=ORIENTED_EDGE('',*,*,#1324,.T.);
#1697=ORIENTED_EDGE('',*,*,#1325,.T.);
#1698=ORIENTED_EDGE('',*,*,#1326,.T.);
#1699=ORIENTED_EDGE('',*,*,#1327,.T.);
#1700=ORIENTED_EDGE('',*,*,#1328,.T.);
#1701=ORIENTED_EDGE('',*,*,#1329,.T.);
#1702=ORIENTED_EDGE('',*,*,#1330,.T.);
#1703=ORIENTED_EDGE('',*,*,#1331,.T.);
#1704=ORIENTED_EDGE('',*,*,#1332,.T.);
#1705=ORIENTED_EDGE('',*,*,#1333,.T.);
#1706=ORIENTED_EDGE('',*,*,#1334,.T.);
#1707=ORIENTED_EDGE('',*,*,#1335,.T.);
#1708=ORIENTED_EDGE('',*,*,#1336,.T.);
#1709=ORIENTED_EDGE('',*,*,#1337,.T.);
#1710=ORIENTED_EDGE('',*,*,#1338,.T.);
#1711=ORIENTED_EDGE('',*,*,#1339,.T.);
#1712=ORIENTED_EDGE('',*,*,#1340,.T.);
#1713=ORIENTED_EDGE('',*,*,#1341,.T.);
#1714=ORIENTED_EDGE('',*,*,#1342,.T.);
#1715=ORIENTED_EDGE('',*,*,#1224,.F.);
#1716=ORIENTED_EDGE('',*,*,#1276,.T.);
#1717=ORIENTED_EDGE('',*,*,#1285,.T.);
#1718=ORIENTED_EDGE('',*,*,#1258,.T.);
#1719=ORIENTED_EDGE('',*,*,#1343,.F.);
#1720=ORIENTED_EDGE('',*,*,#1344,.T.);
#1721=ORIENTED_EDGE('',*,*,#1268,.F.);
#1722=ORIENTED_EDGE('',*,*,#1344,.F.);
#1723=ORIENTED_EDGE('',*,*,#1345,.F.);
#1724=ORIENTED_EDGE('',*,*,#1346,.T.);
#1725=ORIENTED_EDGE('',*,*,#1269,.F.);
#1726=ORIENTED_EDGE('',*,*,#1346,.F.);
#1727=ORIENTED_EDGE('',*,*,#1347,.F.);
#1728=ORIENTED_EDGE('',*,*,#1348,.T.);
#1729=ORIENTED_EDGE('',*,*,#1270,.F.);
#1730=ORIENTED_EDGE('',*,*,#1348,.F.);
#1731=ORIENTED_EDGE('',*,*,#1349,.F.);
#1732=ORIENTED_EDGE('',*,*,#1350,.T.);
#1733=ORIENTED_EDGE('',*,*,#1271,.F.);
#1734=ORIENTED_EDGE('',*,*,#1350,.F.);
#1735=ORIENTED_EDGE('',*,*,#1331,.F.);
#1736=ORIENTED_EDGE('',*,*,#1351,.T.);
#1737=ORIENTED_EDGE('',*,*,#1352,.T.);
#1738=ORIENTED_EDGE('',*,*,#1353,.F.);
#1739=ORIENTED_EDGE('',*,*,#1342,.F.);
#1740=ORIENTED_EDGE('',*,*,#1354,.T.);
#1741=ORIENTED_EDGE('',*,*,#1355,.T.);
#1742=ORIENTED_EDGE('',*,*,#1351,.F.);
#1743=ORIENTED_EDGE('',*,*,#1341,.F.);
#1744=ORIENTED_EDGE('',*,*,#1356,.T.);
#1745=ORIENTED_EDGE('',*,*,#1357,.T.);
#1746=ORIENTED_EDGE('',*,*,#1354,.F.);
#1747=ORIENTED_EDGE('',*,*,#1340,.F.);
#1748=ORIENTED_EDGE('',*,*,#1358,.T.);
#1749=ORIENTED_EDGE('',*,*,#1359,.T.);
#1750=ORIENTED_EDGE('',*,*,#1356,.F.);
#1751=ORIENTED_EDGE('',*,*,#1339,.F.);
#1752=ORIENTED_EDGE('',*,*,#1360,.T.);
#1753=ORIENTED_EDGE('',*,*,#1361,.T.);
#1754=ORIENTED_EDGE('',*,*,#1358,.F.);
#1755=ORIENTED_EDGE('',*,*,#1338,.F.);
#1756=ORIENTED_EDGE('',*,*,#1362,.T.);
#1757=ORIENTED_EDGE('',*,*,#1363,.T.);
#1758=ORIENTED_EDGE('',*,*,#1360,.F.);
#1759=ORIENTED_EDGE('',*,*,#1337,.F.);
#1760=ORIENTED_EDGE('',*,*,#1364,.T.);
#1761=ORIENTED_EDGE('',*,*,#1365,.T.);
#1762=ORIENTED_EDGE('',*,*,#1362,.F.);
#1763=ORIENTED_EDGE('',*,*,#1336,.F.);
#1764=ORIENTED_EDGE('',*,*,#1366,.T.);
#1765=ORIENTED_EDGE('',*,*,#1367,.T.);
#1766=ORIENTED_EDGE('',*,*,#1364,.F.);
#1767=ORIENTED_EDGE('',*,*,#1335,.F.);
#1768=ORIENTED_EDGE('',*,*,#1368,.T.);
#1769=ORIENTED_EDGE('',*,*,#1369,.T.);
#1770=ORIENTED_EDGE('',*,*,#1366,.F.);
#1771=ORIENTED_EDGE('',*,*,#1334,.F.);
#1772=ORIENTED_EDGE('',*,*,#1370,.T.);
#1773=ORIENTED_EDGE('',*,*,#1371,.T.);
#1774=ORIENTED_EDGE('',*,*,#1368,.F.);
#1775=ORIENTED_EDGE('',*,*,#1333,.F.);
#1776=ORIENTED_EDGE('',*,*,#1372,.T.);
#1777=ORIENTED_EDGE('',*,*,#1373,.T.);
#1778=ORIENTED_EDGE('',*,*,#1370,.F.);
#1779=ORIENTED_EDGE('',*,*,#1332,.F.);
#1780=ORIENTED_EDGE('',*,*,#1353,.T.);
#1781=ORIENTED_EDGE('',*,*,#1374,.T.);
#1782=ORIENTED_EDGE('',*,*,#1372,.F.);
#1783=ORIENTED_EDGE('',*,*,#1374,.F.);
#1784=ORIENTED_EDGE('',*,*,#1352,.F.);
#1785=ORIENTED_EDGE('',*,*,#1355,.F.);
#1786=ORIENTED_EDGE('',*,*,#1357,.F.);
#1787=ORIENTED_EDGE('',*,*,#1359,.F.);
#1788=ORIENTED_EDGE('',*,*,#1361,.F.);
#1789=ORIENTED_EDGE('',*,*,#1363,.F.);
#1790=ORIENTED_EDGE('',*,*,#1365,.F.);
#1791=ORIENTED_EDGE('',*,*,#1367,.F.);
#1792=ORIENTED_EDGE('',*,*,#1369,.F.);
#1793=ORIENTED_EDGE('',*,*,#1371,.F.);
#1794=ORIENTED_EDGE('',*,*,#1373,.F.);
#1795=ORIENTED_EDGE('',*,*,#1347,.T.);
#1796=ORIENTED_EDGE('',*,*,#1319,.F.);
#1797=ORIENTED_EDGE('',*,*,#1375,.T.);
#1798=ORIENTED_EDGE('',*,*,#1376,.T.);
#1799=ORIENTED_EDGE('',*,*,#1377,.F.);
#1800=ORIENTED_EDGE('',*,*,#1330,.F.);
#1801=ORIENTED_EDGE('',*,*,#1378,.T.);
#1802=ORIENTED_EDGE('',*,*,#1379,.T.);
#1803=ORIENTED_EDGE('',*,*,#1375,.F.);
#1804=ORIENTED_EDGE('',*,*,#1329,.F.);
#1805=ORIENTED_EDGE('',*,*,#1380,.T.);
#1806=ORIENTED_EDGE('',*,*,#1381,.T.);
#1807=ORIENTED_EDGE('',*,*,#1378,.F.);
#1808=ORIENTED_EDGE('',*,*,#1328,.F.);
#1809=ORIENTED_EDGE('',*,*,#1382,.T.);
#1810=ORIENTED_EDGE('',*,*,#1383,.T.);
#1811=ORIENTED_EDGE('',*,*,#1380,.F.);
#1812=ORIENTED_EDGE('',*,*,#1327,.F.);
#1813=ORIENTED_EDGE('',*,*,#1384,.T.);
#1814=ORIENTED_EDGE('',*,*,#1385,.T.);
#1815=ORIENTED_EDGE('',*,*,#1382,.F.);
#1816=ORIENTED_EDGE('',*,*,#1326,.F.);
#1817=ORIENTED_EDGE('',*,*,#1386,.T.);
#1818=ORIENTED_EDGE('',*,*,#1387,.T.);
#1819=ORIENTED_EDGE('',*,*,#1384,.F.);
#1820=ORIENTED_EDGE('',*,*,#1325,.F.);
#1821=ORIENTED_EDGE('',*,*,#1388,.T.);
#1822=ORIENTED_EDGE('',*,*,#1389,.T.);
#1823=ORIENTED_EDGE('',*,*,#1386,.F.);
#1824=ORIENTED_EDGE('',*,*,#1324,.F.);
#1825=ORIENTED_EDGE('',*,*,#1390,.T.);
#1826=ORIENTED_EDGE('',*,*,#1391,.T.);
#1827=ORIENTED_EDGE('',*,*,#1388,.F.);
#1828=ORIENTED_EDGE('',*,*,#1323,.F.);
#1829=ORIENTED_EDGE('',*,*,#1392,.T.);
#1830=ORIENTED_EDGE('',*,*,#1393,.T.);
#1831=ORIENTED_EDGE('',*,*,#1390,.F.);
#1832=ORIENTED_EDGE('',*,*,#1322,.F.);
#1833=ORIENTED_EDGE('',*,*,#1394,.T.);
#1834=ORIENTED_EDGE('',*,*,#1395,.T.);
#1835=ORIENTED_EDGE('',*,*,#1392,.F.);
#1836=ORIENTED_EDGE('',*,*,#1321,.F.);
#1837=ORIENTED_EDGE('',*,*,#1396,.T.);
#1838=ORIENTED_EDGE('',*,*,#1397,.T.);
#1839=ORIENTED_EDGE('',*,*,#1394,.F.);
#1840=ORIENTED_EDGE('',*,*,#1320,.F.);
#1841=ORIENTED_EDGE('',*,*,#1377,.T.);
#1842=ORIENTED_EDGE('',*,*,#1398,.T.);
#1843=ORIENTED_EDGE('',*,*,#1396,.F.);
#1844=ORIENTED_EDGE('',*,*,#1398,.F.);
#1845=ORIENTED_EDGE('',*,*,#1376,.F.);
#1846=ORIENTED_EDGE('',*,*,#1379,.F.);
#1847=ORIENTED_EDGE('',*,*,#1381,.F.);
#1848=ORIENTED_EDGE('',*,*,#1383,.F.);
#1849=ORIENTED_EDGE('',*,*,#1385,.F.);
#1850=ORIENTED_EDGE('',*,*,#1387,.F.);
#1851=ORIENTED_EDGE('',*,*,#1389,.F.);
#1852=ORIENTED_EDGE('',*,*,#1391,.F.);
#1853=ORIENTED_EDGE('',*,*,#1393,.F.);
#1854=ORIENTED_EDGE('',*,*,#1395,.F.);
#1855=ORIENTED_EDGE('',*,*,#1397,.F.);
#1856=ORIENTED_EDGE('',*,*,#1345,.T.);
#1857=ORIENTED_EDGE('',*,*,#1307,.F.);
#1858=ORIENTED_EDGE('',*,*,#1399,.T.);
#1859=ORIENTED_EDGE('',*,*,#1400,.T.);
#1860=ORIENTED_EDGE('',*,*,#1401,.F.);
#1861=ORIENTED_EDGE('',*,*,#1318,.F.);
#1862=ORIENTED_EDGE('',*,*,#1402,.T.);
#1863=ORIENTED_EDGE('',*,*,#1403,.T.);
#1864=ORIENTED_EDGE('',*,*,#1399,.F.);
#1865=ORIENTED_EDGE('',*,*,#1317,.F.);
#1866=ORIENTED_EDGE('',*,*,#1404,.T.);
#1867=ORIENTED_EDGE('',*,*,#1405,.T.);
#1868=ORIENTED_EDGE('',*,*,#1402,.F.);
#1869=ORIENTED_EDGE('',*,*,#1316,.F.);
#1870=ORIENTED_EDGE('',*,*,#1406,.T.);
#1871=ORIENTED_EDGE('',*,*,#1407,.T.);
#1872=ORIENTED_EDGE('',*,*,#1404,.F.);
#1873=ORIENTED_EDGE('',*,*,#1315,.F.);
#1874=ORIENTED_EDGE('',*,*,#1408,.T.);
#1875=ORIENTED_EDGE('',*,*,#1409,.T.);
#1876=ORIENTED_EDGE('',*,*,#1406,.F.);
#1877=ORIENTED_EDGE('',*,*,#1314,.F.);
#1878=ORIENTED_EDGE('',*,*,#1410,.T.);
#1879=ORIENTED_EDGE('',*,*,#1411,.T.);
#1880=ORIENTED_EDGE('',*,*,#1408,.F.);
#1881=ORIENTED_EDGE('',*,*,#1313,.F.);
#1882=ORIENTED_EDGE('',*,*,#1412,.T.);
#1883=ORIENTED_EDGE('',*,*,#1413,.T.);
#1884=ORIENTED_EDGE('',*,*,#1410,.F.);
#1885=ORIENTED_EDGE('',*,*,#1312,.F.);
#1886=ORIENTED_EDGE('',*,*,#1414,.T.);
#1887=ORIENTED_EDGE('',*,*,#1415,.T.);
#1888=ORIENTED_EDGE('',*,*,#1412,.F.);
#1889=ORIENTED_EDGE('',*,*,#1311,.F.);
#1890=ORIENTED_EDGE('',*,*,#1416,.T.);
#1891=ORIENTED_EDGE('',*,*,#1417,.T.);
#1892=ORIENTED_EDGE('',*,*,#1414,.F.);
#1893=ORIENTED_EDGE('',*,*,#1310,.F.);
#1894=ORIENTED_EDGE('',*,*,#1418,.T.);
#1895=ORIENTED_EDGE('',*,*,#1419,.T.);
#1896=ORIENTED_EDGE('',*,*,#1416,.F.);
#1897=ORIENTED_EDGE('',*,*,#1309,.F.);
#1898=ORIENTED_EDGE('',*,*,#1420,.T.);
#1899=ORIENTED_EDGE('',*,*,#1421,.T.);
#1900=ORIENTED_EDGE('',*,*,#1418,.F.);
#1901=ORIENTED_EDGE('',*,*,#1308,.F.);
#1902=ORIENTED_EDGE('',*,*,#1401,.T.);
#1903=ORIENTED_EDGE('',*,*,#1422,.T.);
#1904=ORIENTED_EDGE('',*,*,#1420,.F.);
#1905=ORIENTED_EDGE('',*,*,#1422,.F.);
#1906=ORIENTED_EDGE('',*,*,#1400,.F.);
#1907=ORIENTED_EDGE('',*,*,#1403,.F.);
#1908=ORIENTED_EDGE('',*,*,#1405,.F.);
#1909=ORIENTED_EDGE('',*,*,#1407,.F.);
#1910=ORIENTED_EDGE('',*,*,#1409,.F.);
#1911=ORIENTED_EDGE('',*,*,#1411,.F.);
#1912=ORIENTED_EDGE('',*,*,#1413,.F.);
#1913=ORIENTED_EDGE('',*,*,#1415,.F.);
#1914=ORIENTED_EDGE('',*,*,#1417,.F.);
#1915=ORIENTED_EDGE('',*,*,#1419,.F.);
#1916=ORIENTED_EDGE('',*,*,#1421,.F.);
#1917=ORIENTED_EDGE('',*,*,#1343,.T.);
#1918=ORIENTED_EDGE('',*,*,#1295,.F.);
#1919=ORIENTED_EDGE('',*,*,#1423,.T.);
#1920=ORIENTED_EDGE('',*,*,#1424,.T.);
#1921=ORIENTED_EDGE('',*,*,#1425,.F.);
#1922=ORIENTED_EDGE('',*,*,#1306,.F.);
#1923=ORIENTED_EDGE('',*,*,#1426,.T.);
#1924=ORIENTED_EDGE('',*,*,#1427,.T.);
#1925=ORIENTED_EDGE('',*,*,#1423,.F.);
#1926=ORIENTED_EDGE('',*,*,#1305,.F.);
#1927=ORIENTED_EDGE('',*,*,#1428,.T.);
#1928=ORIENTED_EDGE('',*,*,#1429,.T.);
#1929=ORIENTED_EDGE('',*,*,#1426,.F.);
#1930=ORIENTED_EDGE('',*,*,#1304,.F.);
#1931=ORIENTED_EDGE('',*,*,#1430,.T.);
#1932=ORIENTED_EDGE('',*,*,#1431,.T.);
#1933=ORIENTED_EDGE('',*,*,#1428,.F.);
#1934=ORIENTED_EDGE('',*,*,#1303,.F.);
#1935=ORIENTED_EDGE('',*,*,#1432,.T.);
#1936=ORIENTED_EDGE('',*,*,#1433,.T.);
#1937=ORIENTED_EDGE('',*,*,#1430,.F.);
#1938=ORIENTED_EDGE('',*,*,#1302,.F.);
#1939=ORIENTED_EDGE('',*,*,#1434,.T.);
#1940=ORIENTED_EDGE('',*,*,#1435,.T.);
#1941=ORIENTED_EDGE('',*,*,#1432,.F.);
#1942=ORIENTED_EDGE('',*,*,#1301,.F.);
#1943=ORIENTED_EDGE('',*,*,#1436,.T.);
#1944=ORIENTED_EDGE('',*,*,#1437,.T.);
#1945=ORIENTED_EDGE('',*,*,#1434,.F.);
#1946=ORIENTED_EDGE('',*,*,#1300,.F.);
#1947=ORIENTED_EDGE('',*,*,#1438,.T.);
#1948=ORIENTED_EDGE('',*,*,#1439,.T.);
#1949=ORIENTED_EDGE('',*,*,#1436,.F.);
#1950=ORIENTED_EDGE('',*,*,#1299,.F.);
#1951=ORIENTED_EDGE('',*,*,#1440,.T.);
#1952=ORIENTED_EDGE('',*,*,#1441,.T.);
#1953=ORIENTED_EDGE('',*,*,#1438,.F.);
#1954=ORIENTED_EDGE('',*,*,#1298,.F.);
#1955=ORIENTED_EDGE('',*,*,#1442,.T.);
#1956=ORIENTED_EDGE('',*,*,#1443,.T.);
#1957=ORIENTED_EDGE('',*,*,#1440,.F.);
#1958=ORIENTED_EDGE('',*,*,#1297,.F.);
#1959=ORIENTED_EDGE('',*,*,#1444,.T.);
#1960=ORIENTED_EDGE('',*,*,#1445,.T.);
#1961=ORIENTED_EDGE('',*,*,#1442,.F.);
#1962=ORIENTED_EDGE('',*,*,#1296,.F.);
#1963=ORIENTED_EDGE('',*,*,#1425,.T.);
#1964=ORIENTED_EDGE('',*,*,#1446,.T.);
#1965=ORIENTED_EDGE('',*,*,#1444,.F.);
#1966=ORIENTED_EDGE('',*,*,#1446,.F.);
#1967=ORIENTED_EDGE('',*,*,#1424,.F.);
#1968=ORIENTED_EDGE('',*,*,#1427,.F.);
#1969=ORIENTED_EDGE('',*,*,#1429,.F.);
#1970=ORIENTED_EDGE('',*,*,#1431,.F.);
#1971=ORIENTED_EDGE('',*,*,#1433,.F.);
#1972=ORIENTED_EDGE('',*,*,#1435,.F.);
#1973=ORIENTED_EDGE('',*,*,#1437,.F.);
#1974=ORIENTED_EDGE('',*,*,#1439,.F.);
#1975=ORIENTED_EDGE('',*,*,#1441,.F.);
#1976=ORIENTED_EDGE('',*,*,#1443,.F.);
#1977=ORIENTED_EDGE('',*,*,#1445,.F.);
#1978=ORIENTED_EDGE('',*,*,#1349,.T.);
#1979=ORIENTED_EDGE('',*,*,#1447,.F.);
#1980=ORIENTED_EDGE('',*,*,#1448,.F.);
#1981=ORIENTED_EDGE('',*,*,#1281,.F.);
#1982=ORIENTED_EDGE('',*,*,#1449,.T.);
#1983=ORIENTED_EDGE('',*,*,#1252,.F.);
#1984=ORIENTED_EDGE('',*,*,#1450,.F.);
#1985=ORIENTED_EDGE('',*,*,#1451,.F.);
#1986=ORIENTED_EDGE('',*,*,#1452,.T.);
#1987=ORIENTED_EDGE('',*,*,#1453,.F.);
#1988=ORIENTED_EDGE('',*,*,#1454,.F.);
#1989=ORIENTED_EDGE('',*,*,#1282,.F.);
#1990=ORIENTED_EDGE('',*,*,#1448,.T.);
#1991=ORIENTED_EDGE('',*,*,#1455,.F.);
#1992=ORIENTED_EDGE('',*,*,#1449,.F.);
#1993=ORIENTED_EDGE('',*,*,#1280,.F.);
#1994=ORIENTED_EDGE('',*,*,#1456,.T.);
#1995=ORIENTED_EDGE('',*,*,#1253,.F.);
#1996=ORIENTED_EDGE('',*,*,#1452,.F.);
#1997=ORIENTED_EDGE('',*,*,#1457,.F.);
#1998=ORIENTED_EDGE('',*,*,#1458,.T.);
#1999=ORIENTED_EDGE('',*,*,#1459,.F.);
#2000=ORIENTED_EDGE('',*,*,#1460,.F.);
#2001=ORIENTED_EDGE('',*,*,#1283,.F.);
#2002=ORIENTED_EDGE('',*,*,#1454,.T.);
#2003=ORIENTED_EDGE('',*,*,#1461,.F.);
#2004=ORIENTED_EDGE('',*,*,#1456,.F.);
#2005=ORIENTED_EDGE('',*,*,#1279,.F.);
#2006=ORIENTED_EDGE('',*,*,#1462,.T.);
#2007=ORIENTED_EDGE('',*,*,#1254,.F.);
#2008=ORIENTED_EDGE('',*,*,#1458,.F.);
#2009=ORIENTED_EDGE('',*,*,#1463,.F.);
#2010=ORIENTED_EDGE('',*,*,#1464,.T.);
#2011=ORIENTED_EDGE('',*,*,#1465,.F.);
#2012=ORIENTED_EDGE('',*,*,#1466,.F.);
#2013=ORIENTED_EDGE('',*,*,#1284,.F.);
#2014=ORIENTED_EDGE('',*,*,#1460,.T.);
#2015=ORIENTED_EDGE('',*,*,#1467,.F.);
#2016=ORIENTED_EDGE('',*,*,#1462,.F.);
#2017=ORIENTED_EDGE('',*,*,#1278,.F.);
#2018=ORIENTED_EDGE('',*,*,#1468,.T.);
#2019=ORIENTED_EDGE('',*,*,#1255,.F.);
#2020=ORIENTED_EDGE('',*,*,#1464,.F.);
#2021=ORIENTED_EDGE('',*,*,#1469,.F.);
#2022=ORIENTED_EDGE('',*,*,#1470,.T.);
#2023=ORIENTED_EDGE('',*,*,#1471,.F.);
#2024=ORIENTED_EDGE('',*,*,#1468,.F.);
#2025=ORIENTED_EDGE('',*,*,#1277,.F.);
#2026=ORIENTED_EDGE('',*,*,#1466,.T.);
#2027=ORIENTED_EDGE('',*,*,#1248,.F.);
#2028=ORIENTED_EDGE('',*,*,#1470,.F.);
#2029=ORIENTED_EDGE('',*,*,#1472,.F.);
#2030=ORIENTED_EDGE('',*,*,#1473,.T.);
#2031=ORIENTED_EDGE('',*,*,#1249,.F.);
#2032=ORIENTED_EDGE('',*,*,#1473,.F.);
#2033=ORIENTED_EDGE('',*,*,#1474,.F.);
#2034=ORIENTED_EDGE('',*,*,#1475,.T.);
#2035=ORIENTED_EDGE('',*,*,#1250,.F.);
#2036=ORIENTED_EDGE('',*,*,#1475,.F.);
#2037=ORIENTED_EDGE('',*,*,#1476,.F.);
#2038=ORIENTED_EDGE('',*,*,#1477,.T.);
#2039=ORIENTED_EDGE('',*,*,#1251,.F.);
#2040=ORIENTED_EDGE('',*,*,#1477,.F.);
#2041=ORIENTED_EDGE('',*,*,#1478,.F.);
#2042=ORIENTED_EDGE('',*,*,#1450,.T.);
#2043=ORIENTED_EDGE('',*,*,#1479,.F.);
#2044=ORIENTED_EDGE('',*,*,#1480,.F.);
#2045=ORIENTED_EDGE('',*,*,#1481,.F.);
#2046=ORIENTED_EDGE('',*,*,#1482,.T.);
#2047=ORIENTED_EDGE('',*,*,#1264,.F.);
#2048=ORIENTED_EDGE('',*,*,#1483,.F.);
#2049=ORIENTED_EDGE('',*,*,#1484,.F.);
#2050=ORIENTED_EDGE('',*,*,#1485,.T.);
#2051=ORIENTED_EDGE('',*,*,#1486,.F.);
#2052=ORIENTED_EDGE('',*,*,#1487,.F.);
#2053=ORIENTED_EDGE('',*,*,#1488,.F.);
#2054=ORIENTED_EDGE('',*,*,#1480,.T.);
#2055=ORIENTED_EDGE('',*,*,#1489,.F.);
#2056=ORIENTED_EDGE('',*,*,#1482,.F.);
#2057=ORIENTED_EDGE('',*,*,#1490,.F.);
#2058=ORIENTED_EDGE('',*,*,#1491,.T.);
#2059=ORIENTED_EDGE('',*,*,#1265,.F.);
#2060=ORIENTED_EDGE('',*,*,#1485,.F.);
#2061=ORIENTED_EDGE('',*,*,#1492,.F.);
#2062=ORIENTED_EDGE('',*,*,#1493,.T.);
#2063=ORIENTED_EDGE('',*,*,#1494,.F.);
#2064=ORIENTED_EDGE('',*,*,#1495,.F.);
#2065=ORIENTED_EDGE('',*,*,#1496,.F.);
#2066=ORIENTED_EDGE('',*,*,#1487,.T.);
#2067=ORIENTED_EDGE('',*,*,#1497,.F.);
#2068=ORIENTED_EDGE('',*,*,#1491,.F.);
#2069=ORIENTED_EDGE('',*,*,#1498,.F.);
#2070=ORIENTED_EDGE('',*,*,#1499,.T.);
#2071=ORIENTED_EDGE('',*,*,#1266,.F.);
#2072=ORIENTED_EDGE('',*,*,#1493,.F.);
#2073=ORIENTED_EDGE('',*,*,#1500,.F.);
#2074=ORIENTED_EDGE('',*,*,#1501,.T.);
#2075=ORIENTED_EDGE('',*,*,#1502,.F.);
#2076=ORIENTED_EDGE('',*,*,#1503,.F.);
#2077=ORIENTED_EDGE('',*,*,#1504,.F.);
#2078=ORIENTED_EDGE('',*,*,#1495,.T.);
#2079=ORIENTED_EDGE('',*,*,#1505,.F.);
#2080=ORIENTED_EDGE('',*,*,#1499,.F.);
#2081=ORIENTED_EDGE('',*,*,#1506,.F.);
#2082=ORIENTED_EDGE('',*,*,#1507,.T.);
#2083=ORIENTED_EDGE('',*,*,#1267,.F.);
#2084=ORIENTED_EDGE('',*,*,#1501,.F.);
#2085=ORIENTED_EDGE('',*,*,#1508,.F.);
#2086=ORIENTED_EDGE('',*,*,#1509,.T.);
#2087=ORIENTED_EDGE('',*,*,#1510,.F.);
#2088=ORIENTED_EDGE('',*,*,#1507,.F.);
#2089=ORIENTED_EDGE('',*,*,#1511,.F.);
#2090=ORIENTED_EDGE('',*,*,#1503,.T.);
#2091=ORIENTED_EDGE('',*,*,#1260,.F.);
#2092=ORIENTED_EDGE('',*,*,#1509,.F.);
#2093=ORIENTED_EDGE('',*,*,#1512,.F.);
#2094=ORIENTED_EDGE('',*,*,#1513,.T.);
#2095=ORIENTED_EDGE('',*,*,#1261,.F.);
#2096=ORIENTED_EDGE('',*,*,#1513,.F.);
#2097=ORIENTED_EDGE('',*,*,#1514,.F.);
#2098=ORIENTED_EDGE('',*,*,#1515,.T.);
#2099=ORIENTED_EDGE('',*,*,#1262,.F.);
#2100=ORIENTED_EDGE('',*,*,#1515,.F.);
#2101=ORIENTED_EDGE('',*,*,#1516,.F.);
#2102=ORIENTED_EDGE('',*,*,#1517,.T.);
#2103=ORIENTED_EDGE('',*,*,#1263,.F.);
#2104=ORIENTED_EDGE('',*,*,#1517,.F.);
#2105=ORIENTED_EDGE('',*,*,#1518,.F.);
#2106=ORIENTED_EDGE('',*,*,#1483,.T.);
#2107=ORIENTED_EDGE('',*,*,#1519,.F.);
#2108=ORIENTED_EDGE('',*,*,#1520,.T.);
#2109=ORIENTED_EDGE('',*,*,#1521,.F.);
#2110=ORIENTED_EDGE('',*,*,#1520,.F.);
#2111=ORIENTED_EDGE('',*,*,#1522,.F.);
#2112=ORIENTED_EDGE('',*,*,#1523,.T.);
#2113=ORIENTED_EDGE('',*,*,#1524,.F.);
#2114=ORIENTED_EDGE('',*,*,#1523,.F.);
#2115=ORIENTED_EDGE('',*,*,#1522,.T.);
#2116=ORIENTED_EDGE('',*,*,#1519,.T.);
#2117=ORIENTED_EDGE('',*,*,#1525,.F.);
#2118=ORIENTED_EDGE('',*,*,#1526,.T.);
#2119=ORIENTED_EDGE('',*,*,#1527,.F.);
#2120=ORIENTED_EDGE('',*,*,#1526,.F.);
#2121=ORIENTED_EDGE('',*,*,#1528,.F.);
#2122=ORIENTED_EDGE('',*,*,#1529,.T.);
#2123=ORIENTED_EDGE('',*,*,#1530,.F.);
#2124=ORIENTED_EDGE('',*,*,#1529,.F.);
#2125=ORIENTED_EDGE('',*,*,#1528,.T.);
#2126=ORIENTED_EDGE('',*,*,#1525,.T.);
#2127=ORIENTED_EDGE('',*,*,#1531,.F.);
#2128=ORIENTED_EDGE('',*,*,#1532,.T.);
#2129=ORIENTED_EDGE('',*,*,#1533,.F.);
#2130=ORIENTED_EDGE('',*,*,#1532,.F.);
#2131=ORIENTED_EDGE('',*,*,#1534,.F.);
#2132=ORIENTED_EDGE('',*,*,#1535,.T.);
#2133=ORIENTED_EDGE('',*,*,#1536,.F.);
#2134=ORIENTED_EDGE('',*,*,#1535,.F.);
#2135=ORIENTED_EDGE('',*,*,#1534,.T.);
#2136=ORIENTED_EDGE('',*,*,#1531,.T.);
#2137=ORIENTED_EDGE('',*,*,#1537,.F.);
#2138=ORIENTED_EDGE('',*,*,#1538,.T.);
#2139=ORIENTED_EDGE('',*,*,#1539,.F.);
#2140=ORIENTED_EDGE('',*,*,#1538,.F.);
#2141=ORIENTED_EDGE('',*,*,#1540,.F.);
#2142=ORIENTED_EDGE('',*,*,#1541,.T.);
#2143=ORIENTED_EDGE('',*,*,#1542,.F.);
#2144=ORIENTED_EDGE('',*,*,#1541,.F.);
#2145=ORIENTED_EDGE('',*,*,#1540,.T.);
#2146=ORIENTED_EDGE('',*,*,#1537,.T.);
#2147=ORIENTED_EDGE('',*,*,#1543,.T.);
#2148=ORIENTED_EDGE('',*,*,#1544,.T.);
#2149=ORIENTED_EDGE('',*,*,#1545,.T.);
#2150=ORIENTED_EDGE('',*,*,#1546,.T.);
#2151=ORIENTED_EDGE('',*,*,#1547,.T.);
#2152=ORIENTED_EDGE('',*,*,#1548,.T.);
#2153=ORIENTED_EDGE('',*,*,#1549,.T.);
#2154=ORIENTED_EDGE('',*,*,#1550,.T.);
#2155=ORIENTED_EDGE('',*,*,#1524,.T.);
#2156=ORIENTED_EDGE('',*,*,#1530,.T.);
#2157=ORIENTED_EDGE('',*,*,#1536,.T.);
#2158=ORIENTED_EDGE('',*,*,#1542,.T.);
#2159=ORIENTED_EDGE('',*,*,#1539,.T.);
#2160=ORIENTED_EDGE('',*,*,#1533,.T.);
#2161=ORIENTED_EDGE('',*,*,#1527,.T.);
#2162=ORIENTED_EDGE('',*,*,#1551,.F.);
#2163=ORIENTED_EDGE('',*,*,#1543,.F.);
#2164=ORIENTED_EDGE('',*,*,#1552,.F.);
#2165=ORIENTED_EDGE('',*,*,#1287,.F.);
#2166=ORIENTED_EDGE('',*,*,#1553,.F.);
#2167=ORIENTED_EDGE('',*,*,#1547,.F.);
#2168=ORIENTED_EDGE('',*,*,#1554,.F.);
#2169=ORIENTED_EDGE('',*,*,#1291,.F.);
#2170=ORIENTED_EDGE('',*,*,#1555,.F.);
#2171=ORIENTED_EDGE('',*,*,#1545,.F.);
#2172=ORIENTED_EDGE('',*,*,#1556,.F.);
#2173=ORIENTED_EDGE('',*,*,#1293,.F.);
#2174=ORIENTED_EDGE('',*,*,#1557,.F.);
#2175=ORIENTED_EDGE('',*,*,#1549,.F.);
#2176=ORIENTED_EDGE('',*,*,#1558,.F.);
#2177=ORIENTED_EDGE('',*,*,#1289,.F.);
#2178=ORIENTED_EDGE('',*,*,#1553,.T.);
#2179=ORIENTED_EDGE('',*,*,#1290,.F.);
#2180=ORIENTED_EDGE('',*,*,#1558,.T.);
#2181=ORIENTED_EDGE('',*,*,#1548,.F.);
#2182=ORIENTED_EDGE('',*,*,#1472,.T.);
#2183=ORIENTED_EDGE('',*,*,#1469,.T.);
#2184=ORIENTED_EDGE('',*,*,#1463,.T.);
#2185=ORIENTED_EDGE('',*,*,#1457,.T.);
#2186=ORIENTED_EDGE('',*,*,#1451,.T.);
#2187=ORIENTED_EDGE('',*,*,#1478,.T.);
#2188=ORIENTED_EDGE('',*,*,#1476,.T.);
#2189=ORIENTED_EDGE('',*,*,#1474,.T.);
#2190=ORIENTED_EDGE('',*,*,#1551,.T.);
#2191=ORIENTED_EDGE('',*,*,#1294,.F.);
#2192=ORIENTED_EDGE('',*,*,#1556,.T.);
#2193=ORIENTED_EDGE('',*,*,#1544,.F.);
#2194=ORIENTED_EDGE('',*,*,#1471,.T.);
#2195=ORIENTED_EDGE('',*,*,#1465,.T.);
#2196=ORIENTED_EDGE('',*,*,#1459,.T.);
#2197=ORIENTED_EDGE('',*,*,#1453,.T.);
#2198=ORIENTED_EDGE('',*,*,#1447,.T.);
#2199=ORIENTED_EDGE('',*,*,#1455,.T.);
#2200=ORIENTED_EDGE('',*,*,#1461,.T.);
#2201=ORIENTED_EDGE('',*,*,#1467,.T.);
#2202=ORIENTED_EDGE('',*,*,#1552,.T.);
#2203=ORIENTED_EDGE('',*,*,#1550,.F.);
#2204=ORIENTED_EDGE('',*,*,#1557,.T.);
#2205=ORIENTED_EDGE('',*,*,#1288,.F.);
#2206=ORIENTED_EDGE('',*,*,#1512,.T.);
#2207=ORIENTED_EDGE('',*,*,#1508,.T.);
#2208=ORIENTED_EDGE('',*,*,#1500,.T.);
#2209=ORIENTED_EDGE('',*,*,#1492,.T.);
#2210=ORIENTED_EDGE('',*,*,#1484,.T.);
#2211=ORIENTED_EDGE('',*,*,#1518,.T.);
#2212=ORIENTED_EDGE('',*,*,#1516,.T.);
#2213=ORIENTED_EDGE('',*,*,#1514,.T.);
#2214=ORIENTED_EDGE('',*,*,#1554,.T.);
#2215=ORIENTED_EDGE('',*,*,#1546,.F.);
#2216=ORIENTED_EDGE('',*,*,#1555,.T.);
#2217=ORIENTED_EDGE('',*,*,#1292,.F.);
#2218=ORIENTED_EDGE('',*,*,#1510,.T.);
#2219=ORIENTED_EDGE('',*,*,#1502,.T.);
#2220=ORIENTED_EDGE('',*,*,#1494,.T.);
#2221=ORIENTED_EDGE('',*,*,#1486,.T.);
#2222=ORIENTED_EDGE('',*,*,#1479,.T.);
#2223=ORIENTED_EDGE('',*,*,#1489,.T.);
#2224=ORIENTED_EDGE('',*,*,#1497,.T.);
#2225=ORIENTED_EDGE('',*,*,#1505,.T.);
#2226=ORIENTED_EDGE('',*,*,#1521,.T.);
#2227=ORIENTED_EDGE('',*,*,#1233,.F.);
#2228=ORIENTED_EDGE('',*,*,#1245,.F.);
#2229=ORIENTED_EDGE('',*,*,#1286,.F.);
#2230=ORIENTED_EDGE('',*,*,#1272,.F.);
#2231=ORIENTED_EDGE('',*,*,#1511,.T.);
#2232=ORIENTED_EDGE('',*,*,#1506,.T.);
#2233=ORIENTED_EDGE('',*,*,#1498,.T.);
#2234=ORIENTED_EDGE('',*,*,#1490,.T.);
#2235=ORIENTED_EDGE('',*,*,#1481,.T.);
#2236=ORIENTED_EDGE('',*,*,#1488,.T.);
#2237=ORIENTED_EDGE('',*,*,#1496,.T.);
#2238=ORIENTED_EDGE('',*,*,#1504,.T.);
#2239=PLANE('',#2500);
#2240=PLANE('',#2504);
#2241=PLANE('',#2508);
#2242=PLANE('',#2512);
#2243=PLANE('',#2518);
#2244=PLANE('',#2521);
#2245=PLANE('',#2522);
#2246=PLANE('',#2529);
#2247=PLANE('',#2530);
#2248=PLANE('',#2545);
#2249=PLANE('',#2546);
#2250=PLANE('',#2547);
#2251=PLANE('',#2548);
#2252=PLANE('',#2549);
#2253=PLANE('',#2550);
#2254=PLANE('',#2551);
#2255=PLANE('',#2552);
#2256=PLANE('',#2553);
#2257=PLANE('',#2554);
#2258=PLANE('',#2555);
#2259=PLANE('',#2556);
#2260=PLANE('',#2557);
#2261=PLANE('',#2558);
#2262=PLANE('',#2559);
#2263=PLANE('',#2560);
#2264=PLANE('',#2561);
#2265=PLANE('',#2562);
#2266=PLANE('',#2563);
#2267=PLANE('',#2564);
#2268=PLANE('',#2565);
#2269=PLANE('',#2566);
#2270=PLANE('',#2567);
#2271=PLANE('',#2568);
#2272=PLANE('',#2569);
#2273=PLANE('',#2570);
#2274=PLANE('',#2571);
#2275=PLANE('',#2572);
#2276=PLANE('',#2573);
#2277=PLANE('',#2574);
#2278=PLANE('',#2575);
#2279=PLANE('',#2576);
#2280=PLANE('',#2577);
#2281=PLANE('',#2578);
#2282=PLANE('',#2579);
#2283=PLANE('',#2580);
#2284=PLANE('',#2581);
#2285=PLANE('',#2582);
#2286=PLANE('',#2583);
#2287=PLANE('',#2584);
#2288=PLANE('',#2585);
#2289=PLANE('',#2586);
#2290=PLANE('',#2587);
#2291=PLANE('',#2588);
#2292=PLANE('',#2589);
#2293=PLANE('',#2590);
#2294=PLANE('',#2591);
#2295=PLANE('',#2592);
#2296=PLANE('',#2593);
#2297=PLANE('',#2594);
#2298=PLANE('',#2595);
#2299=PLANE('',#2596);
#2300=PLANE('',#2597);
#2301=PLANE('',#2598);
#2302=PLANE('',#2599);
#2303=PLANE('',#2600);
#2304=PLANE('',#2601);
#2305=PLANE('',#2602);
#2306=PLANE('',#2603);
#2307=PLANE('',#2604);
#2308=PLANE('',#2605);
#2309=PLANE('',#2606);
#2310=PLANE('',#2607);
#2311=PLANE('',#2608);
#2312=PLANE('',#2609);
#2313=PLANE('',#2610);
#2314=PLANE('',#2611);
#2315=PLANE('',#2612);
#2316=PLANE('',#2613);
#2317=PLANE('',#2614);
#2318=PLANE('',#2615);
#2319=PLANE('',#2616);
#2320=PLANE('',#2617);
#2321=PLANE('',#2618);
#2322=PLANE('',#2619);
#2323=PLANE('',#2620);
#2324=PLANE('',#2621);
#2325=PLANE('',#2622);
#2326=PLANE('',#2623);
#2327=PLANE('',#2624);
#2328=PLANE('',#2625);
#2329=PLANE('',#2626);
#2330=PLANE('',#2627);
#2331=PLANE('',#2628);
#2332=PLANE('',#2635);
#2333=PLANE('',#2642);
#2334=PLANE('',#2649);
#2335=PLANE('',#2656);
#2336=PLANE('',#2657);
#2337=PLANE('',#2662);
#2338=PLANE('',#2663);
#2339=PLANE('',#2664);
#2340=PLANE('',#2669);
#2341=PLANE('',#2670);
#2342=PLANE('',#2671);
#2343=PLANE('',#2672);
#2344=PLANE('',#2673);
#2345=PLANE('',#2674);
#2346=ADVANCED_FACE('',(#112),#2239,.T.);
#2347=ADVANCED_FACE('',(#113),#108,.T.);
#2348=ADVANCED_FACE('',(#114),#2240,.T.);
#2349=ADVANCED_FACE('',(#115),#109,.T.);
#2350=ADVANCED_FACE('',(#116),#2241,.T.);
#2351=ADVANCED_FACE('',(#117),#110,.T.);
#2352=ADVANCED_FACE('',(#118),#2242,.T.);
#2353=ADVANCED_FACE('',(#119),#111,.T.);
#2354=ADVANCED_FACE('',(#120),#44,.T.);
#2355=ADVANCED_FACE('',(#121,#15),#2243,.T.);
#2356=ADVANCED_FACE('',(#122),#45,.T.);
#2357=ADVANCED_FACE('',(#123,#16),#2244,.T.);
#2358=ADVANCED_FACE('',(#124,#17,#18,#19,#20),#2245,.F.);
#2359=ADVANCED_FACE('',(#125),#46,.T.);
#2360=ADVANCED_FACE('',(#126,#21),#2246,.T.);
#2361=ADVANCED_FACE('',(#127,#22,#23,#24,#25,#26),#2247,.T.);
#2362=ADVANCED_FACE('',(#128),#47,.T.);
#2363=ADVANCED_FACE('',(#129),#48,.F.);
#2364=ADVANCED_FACE('',(#130),#49,.F.);
#2365=ADVANCED_FACE('',(#131),#50,.F.);
#2366=ADVANCED_FACE('',(#132),#51,.F.);
#2367=ADVANCED_FACE('',(#133),#2248,.F.);
#2368=ADVANCED_FACE('',(#134),#2249,.F.);
#2369=ADVANCED_FACE('',(#135),#2250,.F.);
#2370=ADVANCED_FACE('',(#136),#2251,.F.);
#2371=ADVANCED_FACE('',(#137),#2252,.F.);
#2372=ADVANCED_FACE('',(#138),#2253,.F.);
#2373=ADVANCED_FACE('',(#139),#2254,.F.);
#2374=ADVANCED_FACE('',(#140),#2255,.F.);
#2375=ADVANCED_FACE('',(#141),#2256,.F.);
#2376=ADVANCED_FACE('',(#142),#2257,.F.);
#2377=ADVANCED_FACE('',(#143),#2258,.F.);
#2378=ADVANCED_FACE('',(#144),#2259,.F.);
#2379=ADVANCED_FACE('',(#145,#27),#2260,.F.);
#2380=ADVANCED_FACE('',(#146),#2261,.F.);
#2381=ADVANCED_FACE('',(#147),#2262,.F.);
#2382=ADVANCED_FACE('',(#148),#2263,.F.);
#2383=ADVANCED_FACE('',(#149),#2264,.F.);
#2384=ADVANCED_FACE('',(#150),#2265,.F.);
#2385=ADVANCED_FACE('',(#151),#2266,.F.);
#2386=ADVANCED_FACE('',(#152),#2267,.F.);
#2387=ADVANCED_FACE('',(#153),#2268,.F.);
#2388=ADVANCED_FACE('',(#154),#2269,.F.);
#2389=ADVANCED_FACE('',(#155),#2270,.F.);
#2390=ADVANCED_FACE('',(#156),#2271,.F.);
#2391=ADVANCED_FACE('',(#157),#2272,.F.);
#2392=ADVANCED_FACE('',(#158,#28),#2273,.F.);
#2393=ADVANCED_FACE('',(#159),#2274,.F.);
#2394=ADVANCED_FACE('',(#160),#2275,.F.);
#2395=ADVANCED_FACE('',(#161),#2276,.F.);
#2396=ADVANCED_FACE('',(#162),#2277,.F.);
#2397=ADVANCED_FACE('',(#163),#2278,.F.);
#2398=ADVANCED_FACE('',(#164),#2279,.F.);
#2399=ADVANCED_FACE('',(#165),#2280,.F.);
#2400=ADVANCED_FACE('',(#166),#2281,.F.);
#2401=ADVANCED_FACE('',(#167),#2282,.F.);
#2402=ADVANCED_FACE('',(#168),#2283,.F.);
#2403=ADVANCED_FACE('',(#169),#2284,.F.);
#2404=ADVANCED_FACE('',(#170),#2285,.F.);
#2405=ADVANCED_FACE('',(#171,#29),#2286,.F.);
#2406=ADVANCED_FACE('',(#172),#2287,.F.);
#2407=ADVANCED_FACE('',(#173),#2288,.F.);
#2408=ADVANCED_FACE('',(#174),#2289,.F.);
#2409=ADVANCED_FACE('',(#175),#2290,.F.);
#2410=ADVANCED_FACE('',(#176),#2291,.F.);
#2411=ADVANCED_FACE('',(#177),#2292,.F.);
#2412=ADVANCED_FACE('',(#178),#2293,.F.);
#2413=ADVANCED_FACE('',(#179),#2294,.F.);
#2414=ADVANCED_FACE('',(#180),#2295,.F.);
#2415=ADVANCED_FACE('',(#181),#2296,.F.);
#2416=ADVANCED_FACE('',(#182),#2297,.F.);
#2417=ADVANCED_FACE('',(#183),#2298,.F.);
#2418=ADVANCED_FACE('',(#184,#30),#2299,.F.);
#2419=ADVANCED_FACE('',(#185),#2300,.F.);
#2420=ADVANCED_FACE('',(#186),#2301,.F.);
#2421=ADVANCED_FACE('',(#187),#2302,.F.);
#2422=ADVANCED_FACE('',(#188),#2303,.F.);
#2423=ADVANCED_FACE('',(#189),#2304,.F.);
#2424=ADVANCED_FACE('',(#190),#2305,.F.);
#2425=ADVANCED_FACE('',(#191),#2306,.F.);
#2426=ADVANCED_FACE('',(#192),#2307,.F.);
#2427=ADVANCED_FACE('',(#193),#2308,.F.);
#2428=ADVANCED_FACE('',(#194),#2309,.F.);
#2429=ADVANCED_FACE('',(#195),#2310,.F.);
#2430=ADVANCED_FACE('',(#196),#2311,.F.);
#2431=ADVANCED_FACE('',(#197),#2312,.F.);
#2432=ADVANCED_FACE('',(#198),#2313,.F.);
#2433=ADVANCED_FACE('',(#199),#2314,.F.);
#2434=ADVANCED_FACE('',(#200),#2315,.F.);
#2435=ADVANCED_FACE('',(#201),#2316,.F.);
#2436=ADVANCED_FACE('',(#202),#2317,.F.);
#2437=ADVANCED_FACE('',(#203),#2318,.F.);
#2438=ADVANCED_FACE('',(#204),#2319,.F.);
#2439=ADVANCED_FACE('',(#205),#2320,.F.);
#2440=ADVANCED_FACE('',(#206),#2321,.F.);
#2441=ADVANCED_FACE('',(#207),#2322,.F.);
#2442=ADVANCED_FACE('',(#208),#2323,.F.);
#2443=ADVANCED_FACE('',(#209),#2324,.F.);
#2444=ADVANCED_FACE('',(#210),#2325,.F.);
#2445=ADVANCED_FACE('',(#211),#2326,.F.);
#2446=ADVANCED_FACE('',(#212),#2327,.F.);
#2447=ADVANCED_FACE('',(#213),#2328,.F.);
#2448=ADVANCED_FACE('',(#214),#2329,.F.);
#2449=ADVANCED_FACE('',(#215),#2330,.F.);
#2450=ADVANCED_FACE('',(#216),#2331,.F.);
#2451=ADVANCED_FACE('',(#217),#52,.F.);
#2452=ADVANCED_FACE('',(#218),#53,.T.);
#2453=ADVANCED_FACE('',(#219,#31),#2332,.T.);
#2454=ADVANCED_FACE('',(#220),#54,.F.);
#2455=ADVANCED_FACE('',(#221),#55,.T.);
#2456=ADVANCED_FACE('',(#222,#32),#2333,.T.);
#2457=ADVANCED_FACE('',(#223),#56,.F.);
#2458=ADVANCED_FACE('',(#224),#57,.T.);
#2459=ADVANCED_FACE('',(#225,#33),#2334,.T.);
#2460=ADVANCED_FACE('',(#226),#58,.F.);
#2461=ADVANCED_FACE('',(#227),#59,.T.);
#2462=ADVANCED_FACE('',(#228,#34),#2335,.T.);
#2463=ADVANCED_FACE('',(#229,#35,#36,#37,#38),#2336,.T.);
#2464=ADVANCED_FACE('',(#230),#2337,.T.);
#2465=ADVANCED_FACE('',(#231),#2338,.T.);
#2466=ADVANCED_FACE('',(#232),#2339,.T.);
#2467=ADVANCED_FACE('',(#233),#60,.T.);
#2468=ADVANCED_FACE('',(#234),#61,.T.);
#2469=ADVANCED_FACE('',(#235),#62,.T.);
#2470=ADVANCED_FACE('',(#236),#63,.T.);
#2471=ADVANCED_FACE('',(#237,#39),#2340,.F.);
#2472=ADVANCED_FACE('',(#238,#40),#2341,.F.);
#2473=ADVANCED_FACE('',(#239,#41),#2342,.F.);
#2474=ADVANCED_FACE('',(#240,#42),#2343,.F.);
#2475=ADVANCED_FACE('',(#241),#2344,.T.);
#2476=ADVANCED_FACE('',(#242,#43),#2345,.T.);
#2477=CLOSED_SHELL('',(#2346,#2347,#2348,#2349,#2350,#2351,#2352,#2353,
#2354,#2355,#2356,#2357,#2358,#2359,#2360,#2361,#2362,#2363,#2364,#2365,
#2366,#2367,#2368,#2369,#2370,#2371,#2372,#2373,#2374,#2375,#2376,#2377,
#2378,#2379,#2380,#2381,#2382,#2383,#2384,#2385,#2386,#2387,#2388,#2389,
#2390,#2391,#2392,#2393,#2394,#2395,#2396,#2397,#2398,#2399,#2400,#2401,
#2402,#2403,#2404,#2405,#2406,#2407,#2408,#2409,#2410,#2411,#2412,#2413,
#2414,#2415,#2416,#2417,#2418,#2419,#2420,#2421,#2422,#2423,#2424,#2425,
#2426,#2427,#2428,#2429,#2430,#2431,#2432,#2433,#2434,#2435,#2436,#2437,
#2438,#2439,#2440,#2441,#2442,#2443,#2444,#2445,#2446,#2447,#2448,#2449,
#2450,#2451,#2452,#2453,#2454,#2455,#2456,#2457,#2458,#2459,#2460,#2461,
#2462,#2463,#2464,#2465,#2466,#2467,#2468,#2469,#2470,#2471,#2472,#2473,
#2474,#2475,#2476));
#2478=DERIVED_UNIT_ELEMENT(#2481,1.);
#2479=DERIVED_UNIT_ELEMENT(#4024,-3.);
#2480=DIMENSIONAL_EXPONENTS(0.,1.,0.,0.,0.,0.,0.);
#2481=(
CONVERSION_BASED_UNIT('gram',#2483)
MASS_UNIT()
NAMED_UNIT(#2480)
);
#2482=(
MASS_UNIT()
NAMED_UNIT(*)
SI_UNIT(.KILO.,.GRAM.)
);
#2483=MASS_MEASURE_WITH_UNIT(MASS_MEASURE(0.001),#2482);
#2484=DERIVED_UNIT((#2478,#2479));
#2485=MEASURE_REPRESENTATION_ITEM('density measure',
POSITIVE_RATIO_MEASURE(1.),#2484);
#2486=PROPERTY_DEFINITION_REPRESENTATION(#2491,#2488);
#2487=PROPERTY_DEFINITION_REPRESENTATION(#2492,#2489);
#2488=REPRESENTATION('material name',(#2490),#4021);
#2489=REPRESENTATION('density',(#2485),#4021);
#2490=DESCRIPTIVE_REPRESENTATION_ITEM('Generic','Generic');
#2491=PROPERTY_DEFINITION('material property','material name',#4031);
#2492=PROPERTY_DEFINITION('material property','density of part',#4031);
#2493=DATE_TIME_ROLE('creation_date');
#2494=APPLIED_DATE_AND_TIME_ASSIGNMENT(#2495,#2493,(#4031));
#2495=DATE_AND_TIME(#2496,#2497);
#2496=CALENDAR_DATE(2025,23,11);
#2497=LOCAL_TIME(0,0,0.,#2498);
#2498=COORDINATED_UNIVERSAL_TIME_OFFSET(0,0,.BEHIND.);
#2499=AXIS2_PLACEMENT_3D('',#3323,#2675,#2676);
#2500=AXIS2_PLACEMENT_3D('',#3324,#2677,#2678);
#2501=AXIS2_PLACEMENT_3D('',#3333,#2683,#2684);
#2502=AXIS2_PLACEMENT_3D('',#3337,#2686,#2687);
#2503=AXIS2_PLACEMENT_3D('',#3338,#2688,#2689);
#2504=AXIS2_PLACEMENT_3D('',#3339,#2690,#2691);
#2505=AXIS2_PLACEMENT_3D('',#3345,#2695,#2696);
#2506=AXIS2_PLACEMENT_3D('',#3349,#2698,#2699);
#2507=AXIS2_PLACEMENT_3D('',#3350,#2700,#2701);
#2508=AXIS2_PLACEMENT_3D('',#3351,#2702,#2703);
#2509=AXIS2_PLACEMENT_3D('',#3357,#2707,#2708);
#2510=AXIS2_PLACEMENT_3D('',#3361,#2710,#2711);
#2511=AXIS2_PLACEMENT_3D('',#3362,#2712,#2713);
#2512=AXIS2_PLACEMENT_3D('',#3363,#2714,#2715);
#2513=AXIS2_PLACEMENT_3D('',#3369,#2719,#2720);
#2514=AXIS2_PLACEMENT_3D('',#3370,#2721,#2722);
#2515=AXIS2_PLACEMENT_3D('',#3371,#2723,#2724);
#2516=AXIS2_PLACEMENT_3D('',#3372,#2725,#2726);
#2517=AXIS2_PLACEMENT_3D('',#3376,#2728,#2729);
#2518=AXIS2_PLACEMENT_3D('',#3378,#2731,#2732);
#2519=AXIS2_PLACEMENT_3D('',#3398,#2743,#2744);
#2520=AXIS2_PLACEMENT_3D('',#3401,#2746,#2747);
#2521=AXIS2_PLACEMENT_3D('',#3402,#2748,#2749);
#2522=AXIS2_PLACEMENT_3D('',#3422,#2760,#2761);
#2523=AXIS2_PLACEMENT_3D('',#3424,#2762,#2763);
#2524=AXIS2_PLACEMENT_3D('',#3426,#2764,#2765);
#2525=AXIS2_PLACEMENT_3D('',#3428,#2766,#2767);
#2526=AXIS2_PLACEMENT_3D('',#3430,#2768,#2769);
#2527=AXIS2_PLACEMENT_3D('',#3431,#2770,#2771);
#2528=AXIS2_PLACEMENT_3D('',#3435,#2773,#2774);
#2529=AXIS2_PLACEMENT_3D('',#3437,#2776,#2777);
#2530=AXIS2_PLACEMENT_3D('',#3457,#2788,#2789);
#2531=AXIS2_PLACEMENT_3D('',#3458,#2790,#2791);
#2532=AXIS2_PLACEMENT_3D('',#3462,#2793,#2794);
#2533=AXIS2_PLACEMENT_3D('',#3466,#2796,#2797);
#2534=AXIS2_PLACEMENT_3D('',#3470,#2799,#2800);
#2535=AXIS2_PLACEMENT_3D('',#3474,#2802,#2803);
#2536=AXIS2_PLACEMENT_3D('',#3572,#2853,#2854);
#2537=AXIS2_PLACEMENT_3D('',#3573,#2855,#2856);
#2538=AXIS2_PLACEMENT_3D('',#3575,#2857,#2858);
#2539=AXIS2_PLACEMENT_3D('',#3577,#2860,#2861);
#2540=AXIS2_PLACEMENT_3D('',#3579,#2862,#2863);
#2541=AXIS2_PLACEMENT_3D('',#3581,#2865,#2866);
#2542=AXIS2_PLACEMENT_3D('',#3583,#2867,#2868);
#2543=AXIS2_PLACEMENT_3D('',#3585,#2870,#2871);
#2544=AXIS2_PLACEMENT_3D('',#3587,#2872,#2873);
#2545=AXIS2_PLACEMENT_3D('',#3589,#2875,#2876);
#2546=AXIS2_PLACEMENT_3D('',#3595,#2880,#2881);
#2547=AXIS2_PLACEMENT_3D('',#3599,#2884,#2885);
#2548=AXIS2_PLACEMENT_3D('',#3603,#2888,#2889);
#2549=AXIS2_PLACEMENT_3D('',#3607,#2892,#2893);
#2550=AXIS2_PLACEMENT_3D('',#3611,#2896,#2897);
#2551=AXIS2_PLACEMENT_3D('',#3615,#2900,#2901);
#2552=AXIS2_PLACEMENT_3D('',#3619,#2904,#2905);
#2553=AXIS2_PLACEMENT_3D('',#3623,#2908,#2909);
#2554=AXIS2_PLACEMENT_3D('',#3627,#2912,#2913);
#2555=AXIS2_PLACEMENT_3D('',#3631,#2916,#2917);
#2556=AXIS2_PLACEMENT_3D('',#3635,#2920,#2921);
#2557=AXIS2_PLACEMENT_3D('',#3637,#2923,#2924);
#2558=AXIS2_PLACEMENT_3D('',#3638,#2925,#2926);
#2559=AXIS2_PLACEMENT_3D('',#3644,#2930,#2931);
#2560=AXIS2_PLACEMENT_3D('',#3648,#2934,#2935);
#2561=AXIS2_PLACEMENT_3D('',#3652,#2938,#2939);
#2562=AXIS2_PLACEMENT_3D('',#3656,#2942,#2943);
#2563=AXIS2_PLACEMENT_3D('',#3660,#2946,#2947);
#2564=AXIS2_PLACEMENT_3D('',#3664,#2950,#2951);
#2565=AXIS2_PLACEMENT_3D('',#3668,#2954,#2955);
#2566=AXIS2_PLACEMENT_3D('',#3672,#2958,#2959);
#2567=AXIS2_PLACEMENT_3D('',#3676,#2962,#2963);
#2568=AXIS2_PLACEMENT_3D('',#3680,#2966,#2967);
#2569=AXIS2_PLACEMENT_3D('',#3684,#2970,#2971);
#2570=AXIS2_PLACEMENT_3D('',#3686,#2973,#2974);
#2571=AXIS2_PLACEMENT_3D('',#3687,#2975,#2976);
#2572=AXIS2_PLACEMENT_3D('',#3693,#2980,#2981);
#2573=AXIS2_PLACEMENT_3D('',#3697,#2984,#2985);
#2574=AXIS2_PLACEMENT_3D('',#3701,#2988,#2989);
#2575=AXIS2_PLACEMENT_3D('',#3705,#2992,#2993);
#2576=AXIS2_PLACEMENT_3D('',#3709,#2996,#2997);
#2577=AXIS2_PLACEMENT_3D('',#3713,#3000,#3001);
#2578=AXIS2_PLACEMENT_3D('',#3717,#3004,#3005);
#2579=AXIS2_PLACEMENT_3D('',#3721,#3008,#3009);
#2580=AXIS2_PLACEMENT_3D('',#3725,#3012,#3013);
#2581=AXIS2_PLACEMENT_3D('',#3729,#3016,#3017);
#2582=AXIS2_PLACEMENT_3D('',#3733,#3020,#3021);
#2583=AXIS2_PLACEMENT_3D('',#3735,#3023,#3024);
#2584=AXIS2_PLACEMENT_3D('',#3736,#3025,#3026);
#2585=AXIS2_PLACEMENT_3D('',#3742,#3030,#3031);
#2586=AXIS2_PLACEMENT_3D('',#3746,#3034,#3035);
#2587=AXIS2_PLACEMENT_3D('',#3750,#3038,#3039);
#2588=AXIS2_PLACEMENT_3D('',#3754,#3042,#3043);
#2589=AXIS2_PLACEMENT_3D('',#3758,#3046,#3047);
#2590=AXIS2_PLACEMENT_3D('',#3762,#3050,#3051);
#2591=AXIS2_PLACEMENT_3D('',#3766,#3054,#3055);
#2592=AXIS2_PLACEMENT_3D('',#3770,#3058,#3059);
#2593=AXIS2_PLACEMENT_3D('',#3774,#3062,#3063);
#2594=AXIS2_PLACEMENT_3D('',#3778,#3066,#3067);
#2595=AXIS2_PLACEMENT_3D('',#3782,#3070,#3071);
#2596=AXIS2_PLACEMENT_3D('',#3784,#3073,#3074);
#2597=AXIS2_PLACEMENT_3D('',#3785,#3075,#3076);
#2598=AXIS2_PLACEMENT_3D('',#3791,#3080,#3081);
#2599=AXIS2_PLACEMENT_3D('',#3797,#3085,#3086);
#2600=AXIS2_PLACEMENT_3D('',#3801,#3089,#3090);
#2601=AXIS2_PLACEMENT_3D('',#3805,#3093,#3094);
#2602=AXIS2_PLACEMENT_3D('',#3809,#3097,#3098);
#2603=AXIS2_PLACEMENT_3D('',#3813,#3101,#3102);
#2604=AXIS2_PLACEMENT_3D('',#3817,#3105,#3106);
#2605=AXIS2_PLACEMENT_3D('',#3821,#3109,#3110);
#2606=AXIS2_PLACEMENT_3D('',#3825,#3113,#3114);
#2607=AXIS2_PLACEMENT_3D('',#3829,#3117,#3118);
#2608=AXIS2_PLACEMENT_3D('',#3833,#3121,#3122);
#2609=AXIS2_PLACEMENT_3D('',#3835,#3124,#3125);
#2610=AXIS2_PLACEMENT_3D('',#3839,#3128,#3129);
#2611=AXIS2_PLACEMENT_3D('',#3843,#3132,#3133);
#2612=AXIS2_PLACEMENT_3D('',#3847,#3136,#3137);
#2613=AXIS2_PLACEMENT_3D('',#3849,#3139,#3140);
#2614=AXIS2_PLACEMENT_3D('',#3858,#3145,#3146);
#2615=AXIS2_PLACEMENT_3D('',#3864,#3150,#3151);
#2616=AXIS2_PLACEMENT_3D('',#3870,#3155,#3156);
#2617=AXIS2_PLACEMENT_3D('',#3876,#3160,#3161);
#2618=AXIS2_PLACEMENT_3D('',#3880,#3164,#3165);
#2619=AXIS2_PLACEMENT_3D('',#3886,#3169,#3170);
#2620=AXIS2_PLACEMENT_3D('',#3892,#3174,#3175);
#2621=AXIS2_PLACEMENT_3D('',#3896,#3178,#3179);
#2622=AXIS2_PLACEMENT_3D('',#3902,#3183,#3184);
#2623=AXIS2_PLACEMENT_3D('',#3908,#3188,#3189);
#2624=AXIS2_PLACEMENT_3D('',#3912,#3192,#3193);
#2625=AXIS2_PLACEMENT_3D('',#3915,#3196,#3197);
#2626=AXIS2_PLACEMENT_3D('',#3919,#3200,#3201);
#2627=AXIS2_PLACEMENT_3D('',#3923,#3204,#3205);
#2628=AXIS2_PLACEMENT_3D('',#3927,#3208,#3209);
#2629=AXIS2_PLACEMENT_3D('',#3929,#3211,#3212);
#2630=AXIS2_PLACEMENT_3D('',#3931,#3213,#3214);
#2631=AXIS2_PLACEMENT_3D('',#3934,#3216,#3217);
#2632=AXIS2_PLACEMENT_3D('',#3935,#3218,#3219);
#2633=AXIS2_PLACEMENT_3D('',#3937,#3220,#3221);
#2634=AXIS2_PLACEMENT_3D('',#3940,#3223,#3224);
#2635=AXIS2_PLACEMENT_3D('',#3941,#3225,#3226);
#2636=AXIS2_PLACEMENT_3D('',#3942,#3227,#3228);
#2637=AXIS2_PLACEMENT_3D('',#3944,#3229,#3230);
#2638=AXIS2_PLACEMENT_3D('',#3947,#3232,#3233);
#2639=AXIS2_PLACEMENT_3D('',#3948,#3234,#3235);
#2640=AXIS2_PLACEMENT_3D('',#3950,#3236,#3237);
#2641=AXIS2_PLACEMENT_3D('',#3953,#3239,#3240);
#2642=AXIS2_PLACEMENT_3D('',#3954,#3241,#3242);
#2643=AXIS2_PLACEMENT_3D('',#3955,#3243,#3244);
#2644=AXIS2_PLACEMENT_3D('',#3957,#3245,#3246);
#2645=AXIS2_PLACEMENT_3D('',#3960,#3248,#3249);
#2646=AXIS2_PLACEMENT_3D('',#3961,#3250,#3251);
#2647=AXIS2_PLACEMENT_3D('',#3963,#3252,#3253);
#2648=AXIS2_PLACEMENT_3D('',#3966,#3255,#3256);
#2649=AXIS2_PLACEMENT_3D('',#3967,#3257,#3258);
#2650=AXIS2_PLACEMENT_3D('',#3968,#3259,#3260);
#2651=AXIS2_PLACEMENT_3D('',#3970,#3261,#3262);
#2652=AXIS2_PLACEMENT_3D('',#3973,#3264,#3265);
#2653=AXIS2_PLACEMENT_3D('',#3974,#3266,#3267);
#2654=AXIS2_PLACEMENT_3D('',#3976,#3268,#3269);
#2655=AXIS2_PLACEMENT_3D('',#3979,#3271,#3272);
#2656=AXIS2_PLACEMENT_3D('',#3980,#3273,#3274);
#2657=AXIS2_PLACEMENT_3D('',#3981,#3275,#3276);
#2658=AXIS2_PLACEMENT_3D('',#3984,#3277,#3278);
#2659=AXIS2_PLACEMENT_3D('',#3988,#3280,#3281);
#2660=AXIS2_PLACEMENT_3D('',#3992,#3283,#3284);
#2661=AXIS2_PLACEMENT_3D('',#3996,#3286,#3287);
#2662=AXIS2_PLACEMENT_3D('',#3998,#3289,#3290);
#2663=AXIS2_PLACEMENT_3D('',#3999,#3291,#3292);
#2664=AXIS2_PLACEMENT_3D('',#4000,#3293,#3294);
#2665=AXIS2_PLACEMENT_3D('',#4001,#3295,#3296);
#2666=AXIS2_PLACEMENT_3D('',#4004,#3299,#3300);
#2667=AXIS2_PLACEMENT_3D('',#4007,#3303,#3304);
#2668=AXIS2_PLACEMENT_3D('',#4010,#3307,#3308);
#2669=AXIS2_PLACEMENT_3D('',#4013,#3311,#3312);
#2670=AXIS2_PLACEMENT_3D('',#4014,#3313,#3314);
#2671=AXIS2_PLACEMENT_3D('',#4015,#3315,#3316);
#2672=AXIS2_PLACEMENT_3D('',#4016,#3317,#3318);
#2673=AXIS2_PLACEMENT_3D('',#4017,#3319,#3320);
#2674=AXIS2_PLACEMENT_3D('',#4018,#3321,#3322);
#2675=DIRECTION('axis',(0.,0.,1.));
#2676=DIRECTION('refdir',(1.,0.,0.));
#2677=DIRECTION('center_axis',(-6.28036983473511E-17,-0.707106781186546,
0.707106781186549));
#2678=DIRECTION('ref_axis',(1.,0.,8.88178419700125E-17));
#2679=DIRECTION('',(0.,0.707106781186549,0.707106781186546));
#2680=DIRECTION('',(-1.,0.,-8.88178419700125E-17));
#2681=DIRECTION('',(0.,-0.707106781186549,-0.707106781186546));
#2682=DIRECTION('',(1.,0.,8.88178419700125E-17));
#2683=DIRECTION('center_axis',(0.,1.,0.));
#2684=DIRECTION('ref_axis',(0.707106781186548,0.,0.707106781186548));
#2685=DIRECTION('',(0.707106781186546,0.707106781186549,0.));
#2686=DIRECTION('center_axis',(0.,-1.,0.));
#2687=DIRECTION('ref_axis',(0.707106781186548,0.,0.707106781186548));
#2688=DIRECTION('center_axis',(0.,1.,0.));
#2689=DIRECTION('ref_axis',(0.707106781186548,0.,0.707106781186548));
#2690=DIRECTION('center_axis',(0.707106781186549,-0.707106781186546,-1.6747652892627E-16));
#2691=DIRECTION('ref_axis',(-2.368475785867E-16,0.,-1.));
#2692=DIRECTION('',(0.707106781186546,0.707106781186549,0.));
#2693=DIRECTION('',(2.368475785867E-16,0.,1.));
#2694=DIRECTION('',(-2.368475785867E-16,0.,-1.));
#2695=DIRECTION('center_axis',(0.,1.,0.));
#2696=DIRECTION('ref_axis',(0.707106781186548,0.,-0.707106781186548));
#2697=DIRECTION('',(0.,0.707106781186549,-0.707106781186546));
#2698=DIRECTION('center_axis',(0.,-1.,0.));
#2699=DIRECTION('ref_axis',(0.707106781186548,0.,-0.707106781186548));
#2700=DIRECTION('center_axis',(0.,1.,0.));
#2701=DIRECTION('ref_axis',(0.707106781186548,0.,-0.707106781186548));
#2702=DIRECTION('center_axis',(0.,-0.707106781186546,-0.707106781186549));
#2703=DIRECTION('ref_axis',(-1.,0.,0.));
#2704=DIRECTION('',(0.,0.707106781186549,-0.707106781186546));
#2705=DIRECTION('',(1.,0.,0.));
#2706=DIRECTION('',(-1.,0.,0.));
#2707=DIRECTION('center_axis',(0.,1.,0.));
#2708=DIRECTION('ref_axis',(-0.707106781186548,0.,-0.707106781186548));
#2709=DIRECTION('',(-0.707106781186546,0.707106781186549,0.));
#2710=DIRECTION('center_axis',(0.,-1.,0.));
#2711=DIRECTION('ref_axis',(-0.707106781186548,0.,-0.707106781186548));
#2712=DIRECTION('center_axis',(0.,1.,0.));
#2713=DIRECTION('ref_axis',(-0.707106781186548,0.,-0.707106781186548));
#2714=DIRECTION('center_axis',(-0.707106781186549,-0.707106781186546,8.37382644631348E-17));
#2715=DIRECTION('ref_axis',(1.1842378929335E-16,0.,1.));
#2716=DIRECTION('',(-0.707106781186543,0.707106781186552,0.));
#2717=DIRECTION('',(-1.1842378929335E-16,0.,-1.));
#2718=DIRECTION('',(1.1842378929335E-16,0.,1.));
#2719=DIRECTION('center_axis',(0.,1.,0.));
#2720=DIRECTION('ref_axis',(-0.707106781186548,0.,0.707106781186548));
#2721=DIRECTION('center_axis',(0.,-1.,0.));
#2722=DIRECTION('ref_axis',(-0.707106781186548,0.,0.707106781186548));
#2723=DIRECTION('center_axis',(0.,1.,0.));
#2724=DIRECTION('ref_axis',(-0.707106781186548,0.,0.707106781186548));
#2725=DIRECTION('center_axis',(0.,1.,0.));
#2726=DIRECTION('ref_axis',(-0.707106781186548,0.,-0.707106781186548));
#2727=DIRECTION('',(0.,1.,0.));
#2728=DIRECTION('center_axis',(0.,-1.,0.));
#2729=DIRECTION('ref_axis',(-0.707106781186548,0.,-0.707106781186548));
#2730=DIRECTION('',(0.,-1.,0.));
#2731=DIRECTION('center_axis',(-1.,0.,1.1842378929335E-16));
#2732=DIRECTION('ref_axis',(1.1842378929335E-16,0.,1.));
#2733=DIRECTION('',(0.,-1.,0.));
#2734=DIRECTION('',(1.1842378929335E-16,0.,1.));
#2735=DIRECTION('',(-8.37382644631353E-17,0.707106781186542,-0.707106781186553));
#2736=DIRECTION('',(0.,1.,0.));
#2737=DIRECTION('',(8.37382644631345E-17,0.707106781186549,0.707106781186546));
#2738=DIRECTION('',(1.1842378929335E-16,-9.76020241428709E-17,1.));
#2739=DIRECTION('',(8.37382644631346E-17,-0.707106781186548,0.707106781186547));
#2740=DIRECTION('',(-3.28692043842089E-32,-1.,-2.77555756156289E-16));
#2741=DIRECTION('',(-8.37382644631345E-17,-0.707106781186549,-0.707106781186546));
#2742=DIRECTION('',(-1.1842378929335E-16,0.,-1.));
#2743=DIRECTION('center_axis',(0.,1.,0.));
#2744=DIRECTION('ref_axis',(-0.707106781186548,0.,0.707106781186548));
#2745=DIRECTION('',(0.,1.,0.));
#2746=DIRECTION('center_axis',(0.,-1.,0.));
#2747=DIRECTION('ref_axis',(-0.707106781186548,0.,0.707106781186548));
#2748=DIRECTION('center_axis',(-8.88178419700125E-17,0.,1.));
#2749=DIRECTION('ref_axis',(1.,0.,8.88178419700125E-17));
#2750=DIRECTION('',(0.,-1.,0.));
#2751=DIRECTION('',(1.,0.,8.88178419700125E-17));
#2752=DIRECTION('',(0.707106781186547,0.707106781186548,6.28036983473509E-17));
#2753=DIRECTION('',(1.,-2.61228946970625E-16,8.88178419700125E-17));
#2754=DIRECTION('',(0.707106781186548,-0.707106781186547,6.28036983473511E-17));
#2755=DIRECTION('',(-2.77555756156289E-16,-1.,-2.46519032881566E-32));
#2756=DIRECTION('',(-0.707106781186549,-0.707106781186546,-6.28036983473511E-17));
#2757=DIRECTION('',(-1.,0.,-8.88178419700125E-17));
#2758=DIRECTION('',(-0.707106781186549,0.707106781186546,-6.28036983473512E-17));
#2759=DIRECTION('',(0.,1.,0.));
#2760=DIRECTION('center_axis',(0.,1.,0.));
#2761=DIRECTION('ref_axis',(0.,0.,1.));
#2762=DIRECTION('center_axis',(0.,1.,0.));
#2763=DIRECTION('ref_axis',(1.,0.,0.));
#2764=DIRECTION('center_axis',(0.,1.,0.));
#2765=DIRECTION('ref_axis',(1.,0.,0.));
#2766=DIRECTION('center_axis',(0.,1.,0.));
#2767=DIRECTION('ref_axis',(1.,0.,0.));
#2768=DIRECTION('center_axis',(0.,1.,0.));
#2769=DIRECTION('ref_axis',(1.,0.,0.));
#2770=DIRECTION('center_axis',(0.,1.,0.));
#2771=DIRECTION('ref_axis',(0.707106781186548,0.,-0.707106781186548));
#2772=DIRECTION('',(0.,1.,0.));
#2773=DIRECTION('center_axis',(0.,-1.,0.));
#2774=DIRECTION('ref_axis',(0.707106781186548,0.,-0.707106781186548));
#2775=DIRECTION('',(0.,-1.,0.));
#2776=DIRECTION('center_axis',(1.,0.,-2.368475785867E-16));
#2777=DIRECTION('ref_axis',(-2.368475785867E-16,0.,-1.));
#2778=DIRECTION('',(-2.368475785867E-16,0.,-1.));
#2779=DIRECTION('',(0.,1.,0.));
#2780=DIRECTION('',(1.67476528926271E-16,-0.707106781186542,0.707106781186553));
#2781=DIRECTION('',(2.368475785867E-16,0.,1.));
#2782=DIRECTION('',(1.67476528926269E-16,0.707106781186549,0.707106781186546));
#2783=DIRECTION('',(6.57384087684177E-32,1.,2.77555756156289E-16));
#2784=DIRECTION('',(-1.67476528926269E-16,0.707106781186548,-0.707106781186547));
#2785=DIRECTION('',(-2.368475785867E-16,9.76020241428709E-17,-1.));
#2786=DIRECTION('',(-1.67476528926269E-16,-0.707106781186549,-0.707106781186546));
#2787=DIRECTION('',(0.,-1.,0.));
#2788=DIRECTION('center_axis',(0.,1.,0.));
#2789=DIRECTION('ref_axis',(0.,0.,1.));
#2790=DIRECTION('center_axis',(0.,-1.,0.));
#2791=DIRECTION('ref_axis',(0.707106781186548,0.,0.707106781186548));
#2792=DIRECTION('',(-1.,0.,0.));
#2793=DIRECTION('center_axis',(0.,1.,0.));
#2794=DIRECTION('ref_axis',(-1.61486985400023E-15,0.,-1.));
#2795=DIRECTION('',(-1.,0.,-8.88178419700125E-17));
#2796=DIRECTION('center_axis',(0.,1.,0.));
#2797=DIRECTION('ref_axis',(1.,0.,0.));
#2798=DIRECTION('',(-1.1842378929335E-16,0.,-1.));
#2799=DIRECTION('center_axis',(0.,1.,0.));
#2800=DIRECTION('ref_axis',(8.07434927000114E-16,0.,1.));
#2801=DIRECTION('',(1.,0.,0.));
#2802=DIRECTION('center_axis',(0.,1.,0.));
#2803=DIRECTION('ref_axis',(-1.,0.,-8.07434927000113E-16));
#2804=DIRECTION('',(2.368475785867E-16,0.,1.));
#2805=DIRECTION('',(-0.866025403784438,0.,0.5));
#2806=DIRECTION('',(-1.,0.,2.882371294354E-15));
#2807=DIRECTION('',(-0.866025403784437,0.,-0.500000000000003));
#2808=DIRECTION('',(-0.500000000000001,0.,-0.866025403784438));
#2809=DIRECTION('',(0.,0.,-1.));
#2810=DIRECTION('',(0.500000000000001,0.,-0.866025403784438));
#2811=DIRECTION('',(0.866025403784438,0.,-0.500000000000001));
#2812=DIRECTION('',(1.,0.,2.88237129435401E-15));
#2813=DIRECTION('',(0.866025403784439,0.,0.499999999999999));
#2814=DIRECTION('',(0.500000000000001,0.,0.866025403784438));
#2815=DIRECTION('',(0.,0.,1.));
#2816=DIRECTION('',(-0.499999999999999,0.,0.866025403784439));
#2817=DIRECTION('',(0.,0.,-1.));
#2818=DIRECTION('',(0.500000000000001,0.,-0.866025403784438));
#2819=DIRECTION('',(0.866025403784438,0.,-0.500000000000001));
#2820=DIRECTION('',(1.,0.,2.88237129435401E-15));
#2821=DIRECTION('',(0.866025403784439,0.,0.499999999999999));
#2822=DIRECTION('',(0.500000000000002,0.,0.866025403784438));
#2823=DIRECTION('',(0.,0.,1.));
#2824=DIRECTION('',(-0.499999999999999,0.,0.866025403784439));
#2825=DIRECTION('',(-0.866025403784438,0.,0.500000000000001));
#2826=DIRECTION('',(-1.,0.,2.88237129435399E-15));
#2827=DIRECTION('',(-0.866025403784437,0.,-0.500000000000003));
#2828=DIRECTION('',(-0.500000000000001,0.,-0.866025403784438));
#2829=DIRECTION('',(0.,0.,-1.));
#2830=DIRECTION('',(0.500000000000001,0.,-0.866025403784438));
#2831=DIRECTION('',(0.866025403784438,0.,-0.500000000000001));
#2832=DIRECTION('',(1.,0.,2.88237129435401E-15));
#2833=DIRECTION('',(0.866025403784439,0.,0.499999999999999));
#2834=DIRECTION('',(0.500000000000001,0.,0.866025403784438));
#2835=DIRECTION('',(0.,0.,1.));
#2836=DIRECTION('',(-0.499999999999999,0.,0.866025403784439));
#2837=DIRECTION('',(-0.866025403784438,0.,0.5));
#2838=DIRECTION('',(-1.,0.,2.882371294354E-15));
#2839=DIRECTION('',(-0.866025403784437,0.,-0.500000000000003));
#2840=DIRECTION('',(-0.500000000000001,0.,-0.866025403784438));
#2841=DIRECTION('',(0.,0.,-1.));
#2842=DIRECTION('',(0.500000000000001,0.,-0.866025403784438));
#2843=DIRECTION('',(0.866025403784438,0.,-0.500000000000001));
#2844=DIRECTION('',(1.,0.,2.88237129435401E-15));
#2845=DIRECTION('',(0.866025403784439,0.,0.499999999999999));
#2846=DIRECTION('',(0.500000000000002,0.,0.866025403784438));
#2847=DIRECTION('',(0.,0.,1.));
#2848=DIRECTION('',(-0.499999999999999,0.,0.866025403784439));
#2849=DIRECTION('',(-0.866025403784438,0.,0.500000000000001));
#2850=DIRECTION('',(-1.,0.,2.88237129435399E-15));
#2851=DIRECTION('',(-0.866025403784437,0.,-0.500000000000003));
#2852=DIRECTION('',(-0.500000000000001,0.,-0.866025403784438));
#2853=DIRECTION('center_axis',(0.,1.,0.));
#2854=DIRECTION('ref_axis',(0.707106781186548,0.,0.707106781186548));
#2855=DIRECTION('center_axis',(0.,-1.,0.));
#2856=DIRECTION('ref_axis',(1.,0.,0.));
#2857=DIRECTION('center_axis',(0.,-1.,0.));
#2858=DIRECTION('ref_axis',(1.,0.,0.));
#2859=DIRECTION('',(0.,-1.,0.));
#2860=DIRECTION('center_axis',(0.,-1.,0.));
#2861=DIRECTION('ref_axis',(1.,0.,0.));
#2862=DIRECTION('center_axis',(0.,-1.,0.));
#2863=DIRECTION('ref_axis',(1.,0.,0.));
#2864=DIRECTION('',(0.,-1.,0.));
#2865=DIRECTION('center_axis',(0.,-1.,0.));
#2866=DIRECTION('ref_axis',(1.,0.,0.));
#2867=DIRECTION('center_axis',(0.,-1.,0.));
#2868=DIRECTION('ref_axis',(1.,0.,0.));
#2869=DIRECTION('',(0.,-1.,0.));
#2870=DIRECTION('center_axis',(0.,-1.,0.));
#2871=DIRECTION('ref_axis',(1.,0.,0.));
#2872=DIRECTION('center_axis',(0.,-1.,0.));
#2873=DIRECTION('ref_axis',(1.,0.,0.));
#2874=DIRECTION('',(0.,-1.,0.));
#2875=DIRECTION('center_axis',(-1.,0.,0.));
#2876=DIRECTION('ref_axis',(0.,0.,-1.));
#2877=DIRECTION('',(0.,-1.,0.));
#2878=DIRECTION('',(0.,0.,-1.));
#2879=DIRECTION('',(0.,-1.,0.));
#2880=DIRECTION('center_axis',(-0.866025403784438,0.,0.500000000000001));
#2881=DIRECTION('ref_axis',(-0.500000000000001,0.,-0.866025403784438));
#2882=DIRECTION('',(0.,-1.,0.));
#2883=DIRECTION('',(-0.500000000000001,0.,-0.866025403784438));
#2884=DIRECTION('center_axis',(-0.500000000000003,0.,0.866025403784437));
#2885=DIRECTION('ref_axis',(-0.866025403784437,0.,-0.500000000000003));
#2886=DIRECTION('',(0.,-1.,0.));
#2887=DIRECTION('',(-0.866025403784437,0.,-0.500000000000003));
#2888=DIRECTION('center_axis',(2.88237129435399E-15,0.,1.));
#2889=DIRECTION('ref_axis',(-1.,0.,2.88237129435399E-15));
#2890=DIRECTION('',(0.,-1.,0.));
#2891=DIRECTION('',(-1.,0.,2.88237129435399E-15));
#2892=DIRECTION('center_axis',(0.500000000000001,0.,0.866025403784438));
#2893=DIRECTION('ref_axis',(-0.866025403784438,0.,0.500000000000001));
#2894=DIRECTION('',(0.,-1.,0.));
#2895=DIRECTION('',(-0.866025403784438,0.,0.500000000000001));
#2896=DIRECTION('center_axis',(0.866025403784439,0.,0.499999999999999));
#2897=DIRECTION('ref_axis',(-0.499999999999999,0.,0.866025403784439));
#2898=DIRECTION('',(0.,-1.,0.));
#2899=DIRECTION('',(-0.499999999999999,0.,0.866025403784439));
#2900=DIRECTION('center_axis',(1.,0.,0.));
#2901=DIRECTION('ref_axis',(0.,0.,1.));
#2902=DIRECTION('',(0.,-1.,0.));
#2903=DIRECTION('',(0.,0.,1.));
#2904=DIRECTION('center_axis',(0.866025403784438,0.,-0.500000000000002));
#2905=DIRECTION('ref_axis',(0.500000000000002,0.,0.866025403784438));
#2906=DIRECTION('',(0.,-1.,0.));
#2907=DIRECTION('',(0.500000000000002,0.,0.866025403784438));
#2908=DIRECTION('center_axis',(0.499999999999999,0.,-0.866025403784439));
#2909=DIRECTION('ref_axis',(0.866025403784439,0.,0.499999999999999));
#2910=DIRECTION('',(0.,-1.,0.));
#2911=DIRECTION('',(0.866025403784439,0.,0.499999999999999));
#2912=DIRECTION('center_axis',(2.88237129435401E-15,0.,-1.));
#2913=DIRECTION('ref_axis',(1.,0.,2.88237129435401E-15));
#2914=DIRECTION('',(0.,-1.,0.));
#2915=DIRECTION('',(1.,0.,2.88237129435401E-15));
#2916=DIRECTION('center_axis',(-0.500000000000001,0.,-0.866025403784438));
#2917=DIRECTION('ref_axis',(0.866025403784438,0.,-0.500000000000001));
#2918=DIRECTION('',(0.,-1.,0.));
#2919=DIRECTION('',(0.866025403784438,0.,-0.500000000000001));
#2920=DIRECTION('center_axis',(-0.866025403784438,0.,-0.500000000000001));
#2921=DIRECTION('ref_axis',(0.500000000000001,0.,-0.866025403784438));
#2922=DIRECTION('',(0.500000000000001,0.,-0.866025403784438));
#2923=DIRECTION('center_axis',(0.,-1.,0.));
#2924=DIRECTION('ref_axis',(0.,0.,-1.));
#2925=DIRECTION('center_axis',(-1.,0.,0.));
#2926=DIRECTION('ref_axis',(0.,0.,-1.));
#2927=DIRECTION('',(0.,-1.,0.));
#2928=DIRECTION('',(0.,0.,-1.));
#2929=DIRECTION('',(0.,-1.,0.));
#2930=DIRECTION('center_axis',(-0.866025403784438,0.,0.500000000000001));
#2931=DIRECTION('ref_axis',(-0.500000000000001,0.,-0.866025403784438));
#2932=DIRECTION('',(0.,-1.,0.));
#2933=DIRECTION('',(-0.500000000000001,0.,-0.866025403784438));
#2934=DIRECTION('center_axis',(-0.500000000000003,0.,0.866025403784437));
#2935=DIRECTION('ref_axis',(-0.866025403784437,0.,-0.500000000000003));
#2936=DIRECTION('',(0.,-1.,0.));
#2937=DIRECTION('',(-0.866025403784437,0.,-0.500000000000003));
#2938=DIRECTION('center_axis',(2.882371294354E-15,0.,1.));
#2939=DIRECTION('ref_axis',(-1.,0.,2.882371294354E-15));
#2940=DIRECTION('',(0.,-1.,0.));
#2941=DIRECTION('',(-1.,0.,2.882371294354E-15));
#2942=DIRECTION('center_axis',(0.5,0.,0.866025403784439));
#2943=DIRECTION('ref_axis',(-0.866025403784438,0.,0.5));
#2944=DIRECTION('',(0.,-1.,0.));
#2945=DIRECTION('',(-0.866025403784439,0.,0.5));
#2946=DIRECTION('center_axis',(0.866025403784439,0.,0.499999999999999));
#2947=DIRECTION('ref_axis',(-0.499999999999999,0.,0.866025403784439));
#2948=DIRECTION('',(0.,-1.,0.));
#2949=DIRECTION('',(-0.499999999999999,0.,0.866025403784439));
#2950=DIRECTION('center_axis',(1.,0.,0.));
#2951=DIRECTION('ref_axis',(0.,0.,1.));
#2952=DIRECTION('',(0.,-1.,0.));
#2953=DIRECTION('',(0.,0.,1.));
#2954=DIRECTION('center_axis',(0.866025403784438,0.,-0.500000000000001));
#2955=DIRECTION('ref_axis',(0.500000000000001,0.,0.866025403784438));
#2956=DIRECTION('',(0.,-1.,0.));
#2957=DIRECTION('',(0.500000000000001,0.,0.866025403784438));
#2958=DIRECTION('center_axis',(0.499999999999999,0.,-0.866025403784439));
#2959=DIRECTION('ref_axis',(0.866025403784439,0.,0.499999999999999));
#2960=DIRECTION('',(0.,-1.,0.));
#2961=DIRECTION('',(0.866025403784439,0.,0.499999999999999));
#2962=DIRECTION('center_axis',(2.88237129435401E-15,0.,-1.));
#2963=DIRECTION('ref_axis',(1.,0.,2.88237129435401E-15));
#2964=DIRECTION('',(0.,-1.,0.));
#2965=DIRECTION('',(1.,0.,2.88237129435401E-15));
#2966=DIRECTION('center_axis',(-0.500000000000001,0.,-0.866025403784438));
#2967=DIRECTION('ref_axis',(0.866025403784438,0.,-0.500000000000001));
#2968=DIRECTION('',(0.,-1.,0.));
#2969=DIRECTION('',(0.866025403784438,0.,-0.500000000000001));
#2970=DIRECTION('center_axis',(-0.866025403784438,0.,-0.500000000000001));
#2971=DIRECTION('ref_axis',(0.500000000000001,0.,-0.866025403784438));
#2972=DIRECTION('',(0.500000000000001,0.,-0.866025403784438));
#2973=DIRECTION('center_axis',(0.,-1.,0.));
#2974=DIRECTION('ref_axis',(0.,0.,-1.));
#2975=DIRECTION('center_axis',(-1.,0.,0.));
#2976=DIRECTION('ref_axis',(0.,0.,-1.));
#2977=DIRECTION('',(0.,-1.,0.));
#2978=DIRECTION('',(0.,0.,-1.));
#2979=DIRECTION('',(0.,-1.,0.));
#2980=DIRECTION('center_axis',(-0.866025403784438,0.,0.500000000000001));
#2981=DIRECTION('ref_axis',(-0.500000000000001,0.,-0.866025403784438));
#2982=DIRECTION('',(0.,-1.,0.));
#2983=DIRECTION('',(-0.500000000000001,0.,-0.866025403784438));
#2984=DIRECTION('center_axis',(-0.500000000000003,0.,0.866025403784437));
#2985=DIRECTION('ref_axis',(-0.866025403784437,0.,-0.500000000000003));
#2986=DIRECTION('',(0.,-1.,0.));
#2987=DIRECTION('',(-0.866025403784437,0.,-0.500000000000003));
#2988=DIRECTION('center_axis',(2.88237129435399E-15,0.,1.));
#2989=DIRECTION('ref_axis',(-1.,0.,2.88237129435399E-15));
#2990=DIRECTION('',(0.,-1.,0.));
#2991=DIRECTION('',(-1.,0.,2.88237129435399E-15));
#2992=DIRECTION('center_axis',(0.500000000000001,0.,0.866025403784438));
#2993=DIRECTION('ref_axis',(-0.866025403784438,0.,0.500000000000001));
#2994=DIRECTION('',(0.,-1.,0.));
#2995=DIRECTION('',(-0.866025403784438,0.,0.500000000000001));
#2996=DIRECTION('center_axis',(0.866025403784439,0.,0.499999999999999));
#2997=DIRECTION('ref_axis',(-0.499999999999999,0.,0.866025403784439));
#2998=DIRECTION('',(0.,-1.,0.));
#2999=DIRECTION('',(-0.499999999999999,0.,0.866025403784439));
#3000=DIRECTION('center_axis',(1.,0.,0.));
#3001=DIRECTION('ref_axis',(0.,0.,1.));
#3002=DIRECTION('',(0.,-1.,0.));
#3003=DIRECTION('',(0.,0.,1.));
#3004=DIRECTION('center_axis',(0.866025403784438,0.,-0.500000000000002));
#3005=DIRECTION('ref_axis',(0.500000000000002,0.,0.866025403784438));
#3006=DIRECTION('',(0.,-1.,0.));
#3007=DIRECTION('',(0.500000000000002,0.,0.866025403784438));
#3008=DIRECTION('center_axis',(0.499999999999999,0.,-0.866025403784439));
#3009=DIRECTION('ref_axis',(0.866025403784439,0.,0.499999999999999));
#3010=DIRECTION('',(0.,-1.,0.));
#3011=DIRECTION('',(0.866025403784439,0.,0.499999999999999));
#3012=DIRECTION('center_axis',(2.88237129435401E-15,0.,-1.));
#3013=DIRECTION('ref_axis',(1.,0.,2.88237129435401E-15));
#3014=DIRECTION('',(0.,-1.,0.));
#3015=DIRECTION('',(1.,0.,2.88237129435401E-15));
#3016=DIRECTION('center_axis',(-0.500000000000001,0.,-0.866025403784438));
#3017=DIRECTION('ref_axis',(0.866025403784438,0.,-0.500000000000001));
#3018=DIRECTION('',(0.,-1.,0.));
#3019=DIRECTION('',(0.866025403784438,0.,-0.500000000000001));
#3020=DIRECTION('center_axis',(-0.866025403784438,0.,-0.500000000000001));
#3021=DIRECTION('ref_axis',(0.500000000000001,0.,-0.866025403784438));
#3022=DIRECTION('',(0.500000000000001,0.,-0.866025403784438));
#3023=DIRECTION('center_axis',(0.,-1.,0.));
#3024=DIRECTION('ref_axis',(0.,0.,-1.));
#3025=DIRECTION('center_axis',(0.5,0.,0.866025403784439));
#3026=DIRECTION('ref_axis',(-0.866025403784438,0.,0.5));
#3027=DIRECTION('',(0.,-1.,0.));
#3028=DIRECTION('',(-0.866025403784439,0.,0.5));
#3029=DIRECTION('',(0.,-1.,0.));
#3030=DIRECTION('center_axis',(0.866025403784439,0.,0.499999999999999));
#3031=DIRECTION('ref_axis',(-0.499999999999999,0.,0.866025403784439));
#3032=DIRECTION('',(0.,-1.,0.));
#3033=DIRECTION('',(-0.499999999999999,0.,0.866025403784439));
#3034=DIRECTION('center_axis',(1.,0.,0.));
#3035=DIRECTION('ref_axis',(0.,0.,1.));
#3036=DIRECTION('',(0.,-1.,0.));
#3037=DIRECTION('',(0.,0.,1.));
#3038=DIRECTION('center_axis',(0.866025403784438,0.,-0.500000000000001));
#3039=DIRECTION('ref_axis',(0.500000000000001,0.,0.866025403784438));
#3040=DIRECTION('',(0.,-1.,0.));
#3041=DIRECTION('',(0.500000000000001,0.,0.866025403784438));
#3042=DIRECTION('center_axis',(0.499999999999999,0.,-0.866025403784439));
#3043=DIRECTION('ref_axis',(0.866025403784439,0.,0.499999999999999));
#3044=DIRECTION('',(0.,-1.,0.));
#3045=DIRECTION('',(0.866025403784439,0.,0.499999999999999));
#3046=DIRECTION('center_axis',(2.88237129435401E-15,0.,-1.));
#3047=DIRECTION('ref_axis',(1.,0.,2.88237129435401E-15));
#3048=DIRECTION('',(0.,-1.,0.));
#3049=DIRECTION('',(1.,0.,2.88237129435401E-15));
#3050=DIRECTION('center_axis',(-0.500000000000001,0.,-0.866025403784438));
#3051=DIRECTION('ref_axis',(0.866025403784438,0.,-0.500000000000001));
#3052=DIRECTION('',(0.,-1.,0.));
#3053=DIRECTION('',(0.866025403784438,0.,-0.500000000000001));
#3054=DIRECTION('center_axis',(-0.866025403784438,0.,-0.500000000000001));
#3055=DIRECTION('ref_axis',(0.500000000000001,0.,-0.866025403784438));
#3056=DIRECTION('',(0.,-1.,0.));
#3057=DIRECTION('',(0.500000000000001,0.,-0.866025403784438));
#3058=DIRECTION('center_axis',(-1.,0.,0.));
#3059=DIRECTION('ref_axis',(0.,0.,-1.));
#3060=DIRECTION('',(0.,-1.,0.));
#3061=DIRECTION('',(0.,0.,-1.));
#3062=DIRECTION('center_axis',(-0.866025403784438,0.,0.500000000000001));
#3063=DIRECTION('ref_axis',(-0.500000000000001,0.,-0.866025403784438));
#3064=DIRECTION('',(0.,-1.,0.));
#3065=DIRECTION('',(-0.500000000000001,0.,-0.866025403784438));
#3066=DIRECTION('center_axis',(-0.500000000000003,0.,0.866025403784437));
#3067=DIRECTION('ref_axis',(-0.866025403784437,0.,-0.500000000000003));
#3068=DIRECTION('',(0.,-1.,0.));
#3069=DIRECTION('',(-0.866025403784437,0.,-0.500000000000003));
#3070=DIRECTION('center_axis',(2.882371294354E-15,0.,1.));
#3071=DIRECTION('ref_axis',(-1.,0.,2.882371294354E-15));
#3072=DIRECTION('',(-1.,0.,2.882371294354E-15));
#3073=DIRECTION('center_axis',(0.,-1.,0.));
#3074=DIRECTION('ref_axis',(0.,0.,-1.));
#3075=DIRECTION('center_axis',(1.67476528926269E-16,0.707106781186547,0.707106781186548));
#3076=DIRECTION('ref_axis',(-1.67476528926269E-16,0.707106781186548,-0.707106781186547));
#3077=DIRECTION('',(1.67476528926269E-16,-0.707106781186548,0.707106781186547));
#3078=DIRECTION('',(-1.,0.,2.368475785867E-16));
#3079=DIRECTION('',(-1.,0.,2.368475785867E-16));
#3080=DIRECTION('center_axis',(1.67476528926269E-16,0.707106781186547,0.707106781186548));
#3081=DIRECTION('ref_axis',(-1.67476528926269E-16,0.707106781186548,-0.707106781186547));
#3082=DIRECTION('',(-1.,0.,2.368475785867E-16));
#3083=DIRECTION('',(-8.37382644631346E-17,0.707106781186548,-0.707106781186547));
#3084=DIRECTION('',(-1.,0.,2.368475785867E-16));
#3085=DIRECTION('center_axis',(2.31168030833996E-32,1.,9.76020241428709E-17));
#3086=DIRECTION('ref_axis',(-2.368475785867E-16,9.76020241428709E-17,-1.));
#3087=DIRECTION('',(2.368475785867E-16,-9.76020241428709E-17,1.));
#3088=DIRECTION('',(-1.,0.,2.368475785867E-16));
#3089=DIRECTION('center_axis',(2.368475785867E-16,-2.77555756156289E-16,
1.));
#3090=DIRECTION('ref_axis',(6.57384087684177E-32,1.,2.77555756156289E-16));
#3091=DIRECTION('',(-6.57384087684177E-32,-1.,-2.77555756156289E-16));
#3092=DIRECTION('',(-1.,0.,2.368475785867E-16));
#3093=DIRECTION('center_axis',(2.368475785867E-16,-2.77555756156289E-16,
1.));
#3094=DIRECTION('ref_axis',(6.57384087684177E-32,1.,2.77555756156289E-16));
#3095=DIRECTION('',(3.28692043842089E-32,1.,2.77555756156289E-16));
#3096=DIRECTION('',(-1.,0.,2.368475785867E-16));
#3097=DIRECTION('center_axis',(-1.6747652892627E-16,0.707106781186546,-0.707106781186549));
#3098=DIRECTION('ref_axis',(-1.67476528926269E-16,-0.707106781186549,-0.707106781186546));
#3099=DIRECTION('',(1.67476528926269E-16,0.707106781186549,0.707106781186546));
#3100=DIRECTION('',(-1.,0.,2.368475785867E-16));
#3101=DIRECTION('center_axis',(1.6747652892627E-16,-0.707106781186546,0.707106781186549));
#3102=DIRECTION('ref_axis',(1.67476528926269E-16,0.707106781186549,0.707106781186546));
#3103=DIRECTION('',(-1.67476528926269E-16,-0.707106781186549,-0.707106781186546));
#3104=DIRECTION('',(-1.,0.,2.368475785867E-16));
#3105=DIRECTION('center_axis',(1.6747652892627E-16,-0.707106781186546,0.707106781186549));
#3106=DIRECTION('ref_axis',(1.67476528926269E-16,0.707106781186549,0.707106781186546));
#3107=DIRECTION('',(8.37382644631345E-17,0.707106781186549,0.707106781186546));
#3108=DIRECTION('',(-1.,0.,2.368475785867E-16));
#3109=DIRECTION('center_axis',(-2.368475785867E-16,0.,-1.));
#3110=DIRECTION('ref_axis',(0.,-1.,0.));
#3111=DIRECTION('',(0.,1.,0.));
#3112=DIRECTION('',(-1.,0.,2.368475785867E-16));
#3113=DIRECTION('center_axis',(0.,-1.,0.));
#3114=DIRECTION('ref_axis',(2.368475785867E-16,0.,1.));
#3115=DIRECTION('',(-2.368475785867E-16,0.,-1.));
#3116=DIRECTION('',(-1.,0.,2.368475785867E-16));
#3117=DIRECTION('center_axis',(0.,-1.,0.));
#3118=DIRECTION('ref_axis',(2.368475785867E-16,0.,1.));
#3119=DIRECTION('',(1.1842378929335E-16,0.,1.));
#3120=DIRECTION('',(-1.,0.,2.368475785867E-16));
#3121=DIRECTION('center_axis',(-1.67476528926268E-16,-0.707106781186553,
-0.707106781186542));
#3122=DIRECTION('ref_axis',(1.67476528926271E-16,-0.707106781186542,0.707106781186553));
#3123=DIRECTION('',(-1.67476528926271E-16,0.707106781186542,-0.707106781186553));
#3124=DIRECTION('center_axis',(-1.67476528926268E-16,-0.707106781186553,
-0.707106781186542));
#3125=DIRECTION('ref_axis',(1.67476528926271E-16,-0.707106781186542,0.707106781186553));
#3126=DIRECTION('',(8.37382644631353E-17,-0.707106781186542,0.707106781186553));
#3127=DIRECTION('',(-1.,0.,2.368475785867E-16));
#3128=DIRECTION('center_axis',(-2.368475785867E-16,0.,-1.));
#3129=DIRECTION('ref_axis',(0.,-1.,0.));
#3130=DIRECTION('',(0.,-1.,0.));
#3131=DIRECTION('',(-1.,0.,2.368475785867E-16));
#3132=DIRECTION('center_axis',(-1.6747652892627E-16,0.707106781186546,-0.707106781186549));
#3133=DIRECTION('ref_axis',(-1.67476528926269E-16,-0.707106781186549,-0.707106781186546));
#3134=DIRECTION('',(-8.37382644631345E-17,-0.707106781186549,-0.707106781186546));
#3135=DIRECTION('',(-1.,0.,2.368475785867E-16));
#3136=DIRECTION('center_axis',(2.31168030833996E-32,1.,9.76020241428709E-17));
#3137=DIRECTION('ref_axis',(-2.368475785867E-16,9.76020241428709E-17,-1.));
#3138=DIRECTION('',(-1.1842378929335E-16,9.76020241428709E-17,-1.));
#3139=DIRECTION('center_axis',(0.707106781186546,-0.707106781186549,0.));
#3140=DIRECTION('ref_axis',(0.707106781186549,0.707106781186546,0.));
#3141=DIRECTION('',(-0.707106781186549,-0.707106781186546,0.));
#3142=DIRECTION('',(0.,0.,1.));
#3143=DIRECTION('',(0.707106781186549,0.707106781186546,0.));
#3144=DIRECTION('',(0.,0.,1.));
#3145=DIRECTION('center_axis',(0.707106781186546,-0.707106781186549,0.));
#3146=DIRECTION('ref_axis',(0.707106781186549,0.707106781186546,0.));
#3147=DIRECTION('',(0.,0.,1.));
#3148=DIRECTION('',(0.707106781186549,0.707106781186546,6.28036983473511E-17));
#3149=DIRECTION('',(0.,0.,1.));
#3150=DIRECTION('center_axis',(1.,-2.77555756156289E-16,0.));
#3151=DIRECTION('ref_axis',(2.77555756156289E-16,1.,0.));
#3152=DIRECTION('',(-2.77555756156289E-16,-1.,0.));
#3153=DIRECTION('',(0.,0.,1.));
#3154=DIRECTION('',(2.77555756156289E-16,1.,0.));
#3155=DIRECTION('center_axis',(0.,-1.,0.));
#3156=DIRECTION('ref_axis',(1.,0.,0.));
#3157=DIRECTION('',(-1.,0.,0.));
#3158=DIRECTION('',(1.,0.,0.));
#3159=DIRECTION('',(0.,0.,1.));
#3160=DIRECTION('center_axis',(0.,-1.,0.));
#3161=DIRECTION('ref_axis',(1.,0.,0.));
#3162=DIRECTION('',(1.,0.,8.88178419700125E-17));
#3163=DIRECTION('',(0.,0.,1.));
#3164=DIRECTION('center_axis',(0.707106781186547,0.707106781186548,0.));
#3165=DIRECTION('ref_axis',(-0.707106781186548,0.707106781186547,0.));
#3166=DIRECTION('',(0.707106781186548,-0.707106781186547,0.));
#3167=DIRECTION('',(0.,0.,1.));
#3168=DIRECTION('',(-0.707106781186548,0.707106781186547,0.));
#3169=DIRECTION('center_axis',(-0.707106781186546,-0.707106781186549,0.));
#3170=DIRECTION('ref_axis',(0.707106781186549,-0.707106781186546,0.));
#3171=DIRECTION('',(-0.707106781186549,0.707106781186546,0.));
#3172=DIRECTION('',(0.707106781186549,-0.707106781186546,0.));
#3173=DIRECTION('',(0.,0.,1.));
#3174=DIRECTION('center_axis',(-0.707106781186546,-0.707106781186549,0.));
#3175=DIRECTION('ref_axis',(0.707106781186549,-0.707106781186546,0.));
#3176=DIRECTION('',(0.707106781186549,-0.707106781186546,6.28036983473512E-17));
#3177=DIRECTION('',(0.,0.,1.));
#3178=DIRECTION('center_axis',(2.61228946970625E-16,1.,0.));
#3179=DIRECTION('ref_axis',(-1.,2.61228946970625E-16,0.));
#3180=DIRECTION('',(1.,-2.61228946970625E-16,0.));
#3181=DIRECTION('',(0.,0.,1.));
#3182=DIRECTION('',(-1.,2.61228946970625E-16,0.));
#3183=DIRECTION('center_axis',(-1.,0.,0.));
#3184=DIRECTION('ref_axis',(0.,-1.,0.));
#3185=DIRECTION('',(0.,1.,0.));
#3186=DIRECTION('',(0.,-1.,0.));
#3187=DIRECTION('',(0.,0.,1.));
#3188=DIRECTION('center_axis',(-1.,0.,0.));
#3189=DIRECTION('ref_axis',(0.,-1.,0.));
#3190=DIRECTION('',(0.,-1.,0.));
#3191=DIRECTION('',(0.,0.,1.));
#3192=DIRECTION('center_axis',(-0.707106781186548,0.707106781186547,0.));
#3193=DIRECTION('ref_axis',(-0.707106781186547,-0.707106781186548,0.));
#3194=DIRECTION('',(0.707106781186547,0.707106781186548,0.));
#3195=DIRECTION('',(-0.707106781186547,-0.707106781186548,0.));
#3196=DIRECTION('center_axis',(-0.707106781186548,0.707106781186547,0.));
#3197=DIRECTION('ref_axis',(-0.707106781186547,-0.707106781186548,0.));
#3198=DIRECTION('',(-0.707106781186547,-0.707106781186548,-6.28036983473509E-17));
#3199=DIRECTION('',(0.,0.,1.));
#3200=DIRECTION('center_axis',(2.61228946970625E-16,1.,0.));
#3201=DIRECTION('ref_axis',(-1.,2.61228946970625E-16,0.));
#3202=DIRECTION('',(-1.,2.61228946970625E-16,-8.88178419700125E-17));
#3203=DIRECTION('',(0.,0.,1.));
#3204=DIRECTION('center_axis',(0.707106781186547,0.707106781186548,0.));
#3205=DIRECTION('ref_axis',(-0.707106781186548,0.707106781186547,0.));
#3206=DIRECTION('',(-0.707106781186548,0.707106781186547,-6.28036983473511E-17));
#3207=DIRECTION('',(0.,0.,1.));
#3208=DIRECTION('center_axis',(1.,-2.77555756156289E-16,0.));
#3209=DIRECTION('ref_axis',(2.77555756156289E-16,1.,0.));
#3210=DIRECTION('',(2.77555756156289E-16,1.,2.46519032881566E-32));
#3211=DIRECTION('center_axis',(0.,1.,0.));
#3212=DIRECTION('ref_axis',(-1.,0.,0.));
#3213=DIRECTION('center_axis',(0.,-1.,0.));
#3214=DIRECTION('ref_axis',(-1.,0.,0.));
#3215=DIRECTION('',(0.,-1.,0.));
#3216=DIRECTION('center_axis',(0.,1.,0.));
#3217=DIRECTION('ref_axis',(-1.,0.,0.));
#3218=DIRECTION('center_axis',(0.,1.,0.));
#3219=DIRECTION('ref_axis',(1.,0.,0.));
#3220=DIRECTION('center_axis',(0.,1.,0.));
#3221=DIRECTION('ref_axis',(1.,0.,0.));
#3222=DIRECTION('',(0.,-1.,0.));
#3223=DIRECTION('center_axis',(0.,-1.,0.));
#3224=DIRECTION('ref_axis',(1.,0.,0.));
#3225=DIRECTION('center_axis',(0.,1.,0.));
#3226=DIRECTION('ref_axis',(0.,0.,1.));
#3227=DIRECTION('center_axis',(0.,1.,0.));
#3228=DIRECTION('ref_axis',(-1.,0.,0.));
#3229=DIRECTION('center_axis',(0.,-1.,0.));
#3230=DIRECTION('ref_axis',(-1.,0.,0.));
#3231=DIRECTION('',(0.,-1.,0.));
#3232=DIRECTION('center_axis',(0.,1.,0.));
#3233=DIRECTION('ref_axis',(-1.,0.,0.));
#3234=DIRECTION('center_axis',(0.,1.,0.));
#3235=DIRECTION('ref_axis',(1.,0.,0.));
#3236=DIRECTION('center_axis',(0.,1.,0.));
#3237=DIRECTION('ref_axis',(1.,0.,0.));
#3238=DIRECTION('',(0.,-1.,0.));
#3239=DIRECTION('center_axis',(0.,-1.,0.));
#3240=DIRECTION('ref_axis',(1.,0.,0.));
#3241=DIRECTION('center_axis',(0.,1.,0.));
#3242=DIRECTION('ref_axis',(0.,0.,1.));
#3243=DIRECTION('center_axis',(0.,1.,0.));
#3244=DIRECTION('ref_axis',(-1.,0.,0.));
#3245=DIRECTION('center_axis',(0.,-1.,0.));
#3246=DIRECTION('ref_axis',(-1.,0.,0.));
#3247=DIRECTION('',(0.,-1.,0.));
#3248=DIRECTION('center_axis',(0.,1.,0.));
#3249=DIRECTION('ref_axis',(-1.,0.,0.));
#3250=DIRECTION('center_axis',(0.,1.,0.));
#3251=DIRECTION('ref_axis',(1.,0.,0.));
#3252=DIRECTION('center_axis',(0.,1.,0.));
#3253=DIRECTION('ref_axis',(1.,0.,0.));
#3254=DIRECTION('',(0.,-1.,0.));
#3255=DIRECTION('center_axis',(0.,-1.,0.));
#3256=DIRECTION('ref_axis',(1.,0.,0.));
#3257=DIRECTION('center_axis',(0.,1.,0.));
#3258=DIRECTION('ref_axis',(0.,0.,1.));
#3259=DIRECTION('center_axis',(0.,1.,0.));
#3260=DIRECTION('ref_axis',(-1.,0.,0.));
#3261=DIRECTION('center_axis',(0.,-1.,0.));
#3262=DIRECTION('ref_axis',(-1.,0.,0.));
#3263=DIRECTION('',(0.,-1.,0.));
#3264=DIRECTION('center_axis',(0.,1.,0.));
#3265=DIRECTION('ref_axis',(-1.,0.,0.));
#3266=DIRECTION('center_axis',(0.,1.,0.));
#3267=DIRECTION('ref_axis',(1.,0.,0.));
#3268=DIRECTION('center_axis',(0.,1.,0.));
#3269=DIRECTION('ref_axis',(1.,0.,0.));
#3270=DIRECTION('',(0.,-1.,0.));
#3271=DIRECTION('center_axis',(0.,-1.,0.));
#3272=DIRECTION('ref_axis',(1.,0.,0.));
#3273=DIRECTION('center_axis',(0.,1.,0.));
#3274=DIRECTION('ref_axis',(0.,0.,1.));
#3275=DIRECTION('center_axis',(0.,1.,0.));
#3276=DIRECTION('ref_axis',(0.,0.,1.));
#3277=DIRECTION('center_axis',(0.,-1.,0.));
#3278=DIRECTION('ref_axis',(-1.61486985400023E-15,0.,-1.));
#3279=DIRECTION('',(2.368475785867E-16,0.,1.));
#3280=DIRECTION('center_axis',(0.,-1.,0.));
#3281=DIRECTION('ref_axis',(-1.,0.,-8.07434927000113E-16));
#3282=DIRECTION('',(1.,0.,0.));
#3283=DIRECTION('center_axis',(0.,-1.,0.));
#3284=DIRECTION('ref_axis',(8.07434927000114E-16,0.,1.));
#3285=DIRECTION('',(-1.1842378929335E-16,0.,-1.));
#3286=DIRECTION('center_axis',(0.,-1.,0.));
#3287=DIRECTION('ref_axis',(1.,0.,0.));
#3288=DIRECTION('',(-1.,0.,-8.88178419700125E-17));
#3289=DIRECTION('center_axis',(0.,1.,0.));
#3290=DIRECTION('ref_axis',(0.,0.,1.));
#3291=DIRECTION('center_axis',(0.,1.,0.));
#3292=DIRECTION('ref_axis',(0.,0.,1.));
#3293=DIRECTION('center_axis',(0.,1.,0.));
#3294=DIRECTION('ref_axis',(0.,0.,1.));
#3295=DIRECTION('center_axis',(0.,-1.,0.));
#3296=DIRECTION('ref_axis',(-1.61486985400023E-15,0.,-1.));
#3297=DIRECTION('',(0.,1.,0.));
#3298=DIRECTION('',(0.,-1.,0.));
#3299=DIRECTION('center_axis',(0.,-1.,0.));
#3300=DIRECTION('ref_axis',(8.07434927000114E-16,0.,1.));
#3301=DIRECTION('',(0.,1.,0.));
#3302=DIRECTION('',(0.,-1.,0.));
#3303=DIRECTION('center_axis',(0.,-1.,0.));
#3304=DIRECTION('ref_axis',(-1.,0.,-8.07434927000113E-16));
#3305=DIRECTION('',(0.,1.,0.));
#3306=DIRECTION('',(0.,-1.,0.));
#3307=DIRECTION('center_axis',(0.,-1.,0.));
#3308=DIRECTION('ref_axis',(1.,0.,0.));
#3309=DIRECTION('',(0.,1.,0.));
#3310=DIRECTION('',(0.,-1.,0.));
#3311=DIRECTION('center_axis',(-1.,0.,1.1842378929335E-16));
#3312=DIRECTION('ref_axis',(1.1842378929335E-16,0.,1.));
#3313=DIRECTION('center_axis',(1.,0.,-2.368475785867E-16));
#3314=DIRECTION('ref_axis',(-2.368475785867E-16,0.,-1.));
#3315=DIRECTION('center_axis',(-8.88178419700125E-17,0.,1.));
#3316=DIRECTION('ref_axis',(1.,0.,8.88178419700125E-17));
#3317=DIRECTION('center_axis',(0.,0.,-1.));
#3318=DIRECTION('ref_axis',(-1.,0.,0.));
#3319=DIRECTION('center_axis',(0.,1.,0.));
#3320=DIRECTION('ref_axis',(0.,0.,1.));
#3321=DIRECTION('center_axis',(0.,0.,-1.));
#3322=DIRECTION('ref_axis',(-1.,0.,0.));
#3323=CARTESIAN_POINT('',(0.,0.,0.));
#3324=CARTESIAN_POINT('Origin',(-25.,0.5,74.5));
#3325=CARTESIAN_POINT('',(46.,0.,74.));
#3326=CARTESIAN_POINT('',(46.,1.,75.));
#3327=CARTESIAN_POINT('',(46.,0.,74.));
#3328=CARTESIAN_POINT('',(-46.,1.,75.));
#3329=CARTESIAN_POINT('',(-25.,1.,75.));
#3330=CARTESIAN_POINT('',(-46.,0.,74.));
#3331=CARTESIAN_POINT('',(-46.,1.,75.));
#3332=CARTESIAN_POINT('',(-25.,0.,74.));
#3333=CARTESIAN_POINT('Origin',(46.,0.5,71.));
#3334=CARTESIAN_POINT('',(49.,0.,71.));
#3335=CARTESIAN_POINT('',(50.,1.,71.));
#3336=CARTESIAN_POINT('',(49.,0.,71.));
#3337=CARTESIAN_POINT('Origin',(46.,1.,71.));
#3338=CARTESIAN_POINT('Origin',(46.,0.,71.));
#3339=CARTESIAN_POINT('Origin',(49.5,0.5,37.5));
#3340=CARTESIAN_POINT('',(49.,0.,-71.));
#3341=CARTESIAN_POINT('',(50.,1.,-71.));
#3342=CARTESIAN_POINT('',(49.,0.,-71.));
#3343=CARTESIAN_POINT('',(50.,1.,37.5));
#3344=CARTESIAN_POINT('',(49.,0.,37.5));
#3345=CARTESIAN_POINT('Origin',(46.,0.5,-71.));
#3346=CARTESIAN_POINT('',(46.,0.,-74.));
#3347=CARTESIAN_POINT('',(46.,1.,-75.));
#3348=CARTESIAN_POINT('',(46.,0.,-74.));
#3349=CARTESIAN_POINT('Origin',(46.,1.,-71.));
#3350=CARTESIAN_POINT('Origin',(46.,0.,-71.));
#3351=CARTESIAN_POINT('Origin',(25.,0.5,-74.5));
#3352=CARTESIAN_POINT('',(-46.,0.,-74.));
#3353=CARTESIAN_POINT('',(-46.,1.,-75.));
#3354=CARTESIAN_POINT('',(-46.,0.,-74.));
#3355=CARTESIAN_POINT('',(25.,1.,-75.));
#3356=CARTESIAN_POINT('',(25.,0.,-74.));
#3357=CARTESIAN_POINT('Origin',(-46.,0.5,-71.));
#3358=CARTESIAN_POINT('',(-49.,0.,-71.));
#3359=CARTESIAN_POINT('',(-50.,1.,-71.));
#3360=CARTESIAN_POINT('',(-49.,0.,-71.));
#3361=CARTESIAN_POINT('Origin',(-46.,1.,-71.));
#3362=CARTESIAN_POINT('Origin',(-46.,0.,-71.));
#3363=CARTESIAN_POINT('Origin',(-49.5,0.5,-37.5));
#3364=CARTESIAN_POINT('',(-49.,0.,71.));
#3365=CARTESIAN_POINT('',(-50.,1.,71.));
#3366=CARTESIAN_POINT('',(-49.,0.,71.));
#3367=CARTESIAN_POINT('',(-50.,1.,-37.5));
#3368=CARTESIAN_POINT('',(-49.,0.,-37.5));
#3369=CARTESIAN_POINT('Origin',(-46.,0.5,71.));
#3370=CARTESIAN_POINT('Origin',(-46.,1.,71.));
#3371=CARTESIAN_POINT('Origin',(-46.,0.,71.));
#3372=CARTESIAN_POINT('Origin',(-46.,0.,-71.));
#3373=CARTESIAN_POINT('',(-50.,55.,-71.));
#3374=CARTESIAN_POINT('',(-50.,0.,-71.));
#3375=CARTESIAN_POINT('',(-46.,55.,-75.));
#3376=CARTESIAN_POINT('Origin',(-46.,55.,-71.));
#3377=CARTESIAN_POINT('',(-46.,0.,-75.));
#3378=CARTESIAN_POINT('Origin',(-50.,0.,-75.));
#3379=CARTESIAN_POINT('',(-50.,55.,71.));
#3380=CARTESIAN_POINT('',(-50.,0.,71.));
#3381=CARTESIAN_POINT('',(-50.,55.,-75.));
#3382=CARTESIAN_POINT('',(-50.,13.,-45.5));
#3383=CARTESIAN_POINT('',(-50.,15.,-47.5));
#3384=CARTESIAN_POINT('',(-50.,18.1250000000001,-50.6250000000001));
#3385=CARTESIAN_POINT('',(-50.,31.,-47.5));
#3386=CARTESIAN_POINT('',(-50.,15.5,-47.5));
#3387=CARTESIAN_POINT('',(-50.,33.,-45.5));
#3388=CARTESIAN_POINT('',(-50.,17.375,-61.125));
#3389=CARTESIAN_POINT('',(-50.,33.,45.5));
#3390=CARTESIAN_POINT('',(-50.,33.,-14.75));
#3391=CARTESIAN_POINT('',(-50.,31.,47.5));
#3392=CARTESIAN_POINT('',(-50.,53.875,24.6250000000001));
#3393=CARTESIAN_POINT('',(-50.,15.,47.5));
#3394=CARTESIAN_POINT('',(-50.,7.49999999999999,47.5));
#3395=CARTESIAN_POINT('',(-50.,13.,45.5));
#3396=CARTESIAN_POINT('',(-50.,-20.375,12.1250000000001));
#3397=CARTESIAN_POINT('',(-50.,13.,-60.25));
#3398=CARTESIAN_POINT('Origin',(-46.,0.,71.));
#3399=CARTESIAN_POINT('',(-46.,55.,75.));
#3400=CARTESIAN_POINT('',(-46.,0.,75.));
#3401=CARTESIAN_POINT('Origin',(-46.,55.,71.));
#3402=CARTESIAN_POINT('Origin',(-50.,0.,75.));
#3403=CARTESIAN_POINT('',(46.,55.,75.));
#3404=CARTESIAN_POINT('',(46.,0.,75.));
#3405=CARTESIAN_POINT('',(-50.,55.,75.));
#3406=CARTESIAN_POINT('',(-27.5,31.,75.));
#3407=CARTESIAN_POINT('',(-25.5,33.,75.));
#3408=CARTESIAN_POINT('',(-39.875,18.625,75.));
#3409=CARTESIAN_POINT('',(25.5,33.,75.));
#3410=CARTESIAN_POINT('',(-12.25,33.,75.));
#3411=CARTESIAN_POINT('',(27.5,31.,75.));
#3412=CARTESIAN_POINT('',(15.875,42.625,75.));
#3413=CARTESIAN_POINT('',(27.5,15.,75.));
#3414=CARTESIAN_POINT('',(27.5,7.49999999999999,75.));
#3415=CARTESIAN_POINT('',(25.5,13.,75.));
#3416=CARTESIAN_POINT('',(3.37499999999993,-9.12499999999998,75.));
#3417=CARTESIAN_POINT('',(-25.5,13.,75.));
#3418=CARTESIAN_POINT('',(-37.75,13.,75.));
#3419=CARTESIAN_POINT('',(-27.5,15.,75.));
#3420=CARTESIAN_POINT('',(-29.375,16.875,75.));
#3421=CARTESIAN_POINT('',(-27.5,15.5,75.));
#3422=CARTESIAN_POINT('Origin',(8.88178419700125E-15,0.,4.44089209850063E-15));
#3423=CARTESIAN_POINT('',(36.75,0.,-65.));
#3424=CARTESIAN_POINT('Origin',(40.,0.,-65.));
#3425=CARTESIAN_POINT('',(-43.25,0.,-65.));
#3426=CARTESIAN_POINT('Origin',(-40.,0.,-65.));
#3427=CARTESIAN_POINT('',(36.75,0.,65.));
#3428=CARTESIAN_POINT('Origin',(40.,0.,65.));
#3429=CARTESIAN_POINT('',(-43.25,0.,65.));
#3430=CARTESIAN_POINT('Origin',(-40.,0.,65.));
#3431=CARTESIAN_POINT('Origin',(46.,0.,-71.));
#3432=CARTESIAN_POINT('',(46.,55.,-75.));
#3433=CARTESIAN_POINT('',(46.,0.,-75.));
#3434=CARTESIAN_POINT('',(50.,55.,-71.));
#3435=CARTESIAN_POINT('Origin',(46.,55.,-71.));
#3436=CARTESIAN_POINT('',(50.,0.,-71.));
#3437=CARTESIAN_POINT('Origin',(50.,0.,75.));
#3438=CARTESIAN_POINT('',(50.,55.,71.));
#3439=CARTESIAN_POINT('',(50.,55.,75.));
#3440=CARTESIAN_POINT('',(50.,0.,71.));
#3441=CARTESIAN_POINT('',(50.,15.,-47.5));
#3442=CARTESIAN_POINT('',(50.,13.,-45.5));
#3443=CARTESIAN_POINT('',(50.,-19.3749999999999,-13.1249999999996));
#3444=CARTESIAN_POINT('',(50.,13.,45.5));
#3445=CARTESIAN_POINT('',(50.,13.,14.75));
#3446=CARTESIAN_POINT('',(50.,15.,47.5));
#3447=CARTESIAN_POINT('',(50.,17.125,49.625));
#3448=CARTESIAN_POINT('',(50.,31.,47.5));
#3449=CARTESIAN_POINT('',(50.,7.50000000000001,47.5));
#3450=CARTESIAN_POINT('',(50.,33.,45.5));
#3451=CARTESIAN_POINT('',(50.,16.375,62.125));
#3452=CARTESIAN_POINT('',(50.,33.,-45.5));
#3453=CARTESIAN_POINT('',(50.,33.,60.25));
#3454=CARTESIAN_POINT('',(50.,31.,-47.5));
#3455=CARTESIAN_POINT('',(50.,54.875,-23.6250000000002));
#3456=CARTESIAN_POINT('',(50.,15.5,-47.5));
#3457=CARTESIAN_POINT('Origin',(8.88178419700125E-15,55.,0.));
#3458=CARTESIAN_POINT('Origin',(46.,55.,71.));
#3459=CARTESIAN_POINT('',(50.,55.,-75.));
#3460=CARTESIAN_POINT('',(45.,55.,53.5757147143715));
#3461=CARTESIAN_POINT('',(28.5757147143715,55.,70.));
#3462=CARTESIAN_POINT('Origin',(50.,55.,75.));
#3463=CARTESIAN_POINT('',(-28.5757147143714,55.,70.));
#3464=CARTESIAN_POINT('',(-25.,55.,70.));
#3465=CARTESIAN_POINT('',(-45.,55.,53.5757147143715));
#3466=CARTESIAN_POINT('Origin',(-50.,55.,75.));
#3467=CARTESIAN_POINT('',(-45.,55.,-53.5757147143715));
#3468=CARTESIAN_POINT('',(-45.,55.,-37.5));
#3469=CARTESIAN_POINT('',(-28.5757147143715,55.,-70.));
#3470=CARTESIAN_POINT('Origin',(-50.,55.,-75.));
#3471=CARTESIAN_POINT('',(28.5757147143714,55.,-70.));
#3472=CARTESIAN_POINT('',(25.,55.,-70.));
#3473=CARTESIAN_POINT('',(45.,55.,-53.5757147143715));
#3474=CARTESIAN_POINT('Origin',(50.,55.,-75.));
#3475=CARTESIAN_POINT('',(45.,55.,37.5));
#3476=CARTESIAN_POINT('',(-35.7907078564789,55.,69.2092921435211));
#3477=CARTESIAN_POINT('',(-38.459292143521,55.,70.75));
#3478=CARTESIAN_POINT('',(-7.38494111674233,55.,52.8092150697964));
#3479=CARTESIAN_POINT('',(-41.5407078564789,55.,70.75));
#3480=CARTESIAN_POINT('',(-19.2296460717604,55.,70.75));
#3481=CARTESIAN_POINT('',(-44.209292143521,55.,69.2092921435211));
#3482=CARTESIAN_POINT('',(-41.2807667397367,55.,70.9000770737246));
#3483=CARTESIAN_POINT('',(-45.75,55.,66.540707856479));
#3484=CARTESIAN_POINT('',(-53.6673819191379,55.,52.827400109605));
#3485=CARTESIAN_POINT('',(-45.75,55.,63.459292143521));
#3486=CARTESIAN_POINT('',(-45.75,55.,33.2703539282395));
#3487=CARTESIAN_POINT('',(-44.209292143521,55.,60.7907078564789));
#3488=CARTESIAN_POINT('',(-26.2919102243831,55.,29.7568920339161));
#3489=CARTESIAN_POINT('',(-41.5407078564789,55.,59.25));
#3490=CARTESIAN_POINT('',(-14.4692332602634,55.,43.6202768545148));
#3491=CARTESIAN_POINT('',(-38.459292143521,55.,59.25));
#3492=CARTESIAN_POINT('',(-20.7703539282396,55.,59.25));
#3493=CARTESIAN_POINT('',(-35.7907078564789,55.,60.7907078564789));
#3494=CARTESIAN_POINT('',(-36.8650588832576,55.,60.1704310019642));
#3495=CARTESIAN_POINT('',(-34.25,55.,63.459292143521));
#3496=CARTESIAN_POINT('',(-44.4784437038563,55.,45.7431079660839));
#3497=CARTESIAN_POINT('',(-34.25,55.,66.540707856479));
#3498=CARTESIAN_POINT('',(-34.25,55.,31.7296460717605));
#3499=CARTESIAN_POINT('',(-15.5622641526226,55.,34.1725998903951));
#3500=CARTESIAN_POINT('',(34.25,55.,-63.459292143521));
#3501=CARTESIAN_POINT('',(34.25,55.,-66.5407078564789));
#3502=CARTESIAN_POINT('',(34.25,55.,-31.7296460717605));
#3503=CARTESIAN_POINT('',(35.7907078564789,55.,-69.209292143521));
#3504=CARTESIAN_POINT('',(15.5622641526226,55.,-34.1725998903951));
#3505=CARTESIAN_POINT('',(38.459292143521,55.,-70.75));
#3506=CARTESIAN_POINT('',(7.38494111674235,55.,-52.8092150697964));
#3507=CARTESIAN_POINT('',(41.5407078564789,55.,-70.75));
#3508=CARTESIAN_POINT('',(19.2296460717606,55.,-70.7500000000001));
#3509=CARTESIAN_POINT('',(44.209292143521,55.,-69.209292143521));
#3510=CARTESIAN_POINT('',(41.2807667397365,55.,-70.9000770737247));
#3511=CARTESIAN_POINT('',(45.75,55.,-66.5407078564789));
#3512=CARTESIAN_POINT('',(53.6673819191379,55.,-52.827400109605));
#3513=CARTESIAN_POINT('',(45.75,55.,-63.459292143521));
#3514=CARTESIAN_POINT('',(45.75,55.,-33.2703539282395));
#3515=CARTESIAN_POINT('',(44.2092921435211,55.,-60.7907078564789));
#3516=CARTESIAN_POINT('',(26.2919102243832,55.,-29.7568920339161));
#3517=CARTESIAN_POINT('',(41.540707856479,55.,-59.25));
#3518=CARTESIAN_POINT('',(14.4692332602634,55.,-43.6202768545148));
#3519=CARTESIAN_POINT('',(38.459292143521,55.,-59.25));
#3520=CARTESIAN_POINT('',(20.7703539282394,55.,-59.2499999999999));
#3521=CARTESIAN_POINT('',(35.7907078564789,55.,-60.7907078564789));
#3522=CARTESIAN_POINT('',(36.8650588832578,55.,-60.170431001964));
#3523=CARTESIAN_POINT('',(44.4784437038563,55.,-45.7431079660839));
#3524=CARTESIAN_POINT('',(-45.75,55.,-63.459292143521));
#3525=CARTESIAN_POINT('',(-45.75,55.,-66.540707856479));
#3526=CARTESIAN_POINT('',(-45.75,55.,-31.7296460717605));
#3527=CARTESIAN_POINT('',(-44.2092921435211,55.,-69.2092921435211));
#3528=CARTESIAN_POINT('',(-54.4377358473774,55.,-51.4931079660839));
#3529=CARTESIAN_POINT('',(-41.540707856479,55.,-70.75));
#3530=CARTESIAN_POINT('',(-42.6150588832577,55.,-70.1297231454852));
#3531=CARTESIAN_POINT('',(-38.4592921435211,55.,-70.75));
#3532=CARTESIAN_POINT('',(-20.7703539282394,55.,-70.75));
#3533=CARTESIAN_POINT('',(-35.790707856479,55.,-69.2092921435211));
#3534=CARTESIAN_POINT('',(-8.7192332602634,55.,-53.5795689980359));
#3535=CARTESIAN_POINT('',(-34.25,55.,-66.5407078564789));
#3536=CARTESIAN_POINT('',(-16.3326180808621,55.,-35.5068920339162));
#3537=CARTESIAN_POINT('',(-34.25,55.,-63.459292143521));
#3538=CARTESIAN_POINT('',(-34.25,55.,-33.2703539282395));
#3539=CARTESIAN_POINT('',(-35.7907078564789,55.,-60.7907078564789));
#3540=CARTESIAN_POINT('',(-43.7080897756169,55.,-47.0774001096049));
#3541=CARTESIAN_POINT('',(-38.459292143521,55.,-59.25));
#3542=CARTESIAN_POINT('',(-35.5307667397366,55.,-60.9407849302036));
#3543=CARTESIAN_POINT('',(-41.540707856479,55.,-59.25));
#3544=CARTESIAN_POINT('',(-19.2296460717606,55.,-59.25));
#3545=CARTESIAN_POINT('',(-44.2092921435211,55.,-60.7907078564789));
#3546=CARTESIAN_POINT('',(-13.1349411167424,55.,-42.8499229262752));
#3547=CARTESIAN_POINT('',(-25.5215562961436,55.,-28.4225998903951));
#3548=CARTESIAN_POINT('',(34.25,55.,66.540707856479));
#3549=CARTESIAN_POINT('',(34.25,55.,63.459292143521));
#3550=CARTESIAN_POINT('',(34.25,55.,33.2703539282395));
#3551=CARTESIAN_POINT('',(35.790707856479,55.,60.790707856479));
#3552=CARTESIAN_POINT('',(43.7080897756169,55.,47.077400109605));
#3553=CARTESIAN_POINT('',(38.4592921435211,55.,59.25));
#3554=CARTESIAN_POINT('',(35.5307667397366,55.,60.9407849302036));
#3555=CARTESIAN_POINT('',(41.540707856479,55.,59.25));
#3556=CARTESIAN_POINT('',(19.2296460717604,55.,59.2499999999999));
#3557=CARTESIAN_POINT('',(44.2092921435211,55.,60.790707856479));
#3558=CARTESIAN_POINT('',(13.1349411167423,55.,42.8499229262754));
#3559=CARTESIAN_POINT('',(45.75,55.,63.4592921435211));
#3560=CARTESIAN_POINT('',(25.5215562961436,55.,28.4225998903951));
#3561=CARTESIAN_POINT('',(45.75,55.,66.540707856479));
#3562=CARTESIAN_POINT('',(45.75,55.,31.7296460717605));
#3563=CARTESIAN_POINT('',(44.2092921435211,55.,69.2092921435211));
#3564=CARTESIAN_POINT('',(54.4377358473774,55.,51.4931079660838));
#3565=CARTESIAN_POINT('',(41.540707856479,55.,70.75));
#3566=CARTESIAN_POINT('',(42.6150588832577,55.,70.1297231454852));
#3567=CARTESIAN_POINT('',(38.4592921435211,55.,70.75));
#3568=CARTESIAN_POINT('',(20.7703539282396,55.,70.7500000000001));
#3569=CARTESIAN_POINT('',(35.790707856479,55.,69.2092921435211));
#3570=CARTESIAN_POINT('',(8.71923326026339,55.,53.5795689980358));
#3571=CARTESIAN_POINT('',(16.3326180808621,55.,35.5068920339162));
#3572=CARTESIAN_POINT('Origin',(46.,0.,71.));
#3573=CARTESIAN_POINT('Origin',(40.,49.5,-65.));
#3574=CARTESIAN_POINT('',(36.75,49.5,-65.));
#3575=CARTESIAN_POINT('Origin',(40.,49.5,-65.));
#3576=CARTESIAN_POINT('',(36.75,49.5,-65.));
#3577=CARTESIAN_POINT('Origin',(-40.,49.5,-65.));
#3578=CARTESIAN_POINT('',(-43.25,49.5,-65.));
#3579=CARTESIAN_POINT('Origin',(-40.,49.5,-65.));
#3580=CARTESIAN_POINT('',(-43.25,49.5,-65.));
#3581=CARTESIAN_POINT('Origin',(40.,49.5,65.));
#3582=CARTESIAN_POINT('',(36.75,49.5,65.));
#3583=CARTESIAN_POINT('Origin',(40.,49.5,65.));
#3584=CARTESIAN_POINT('',(36.75,49.5,65.));
#3585=CARTESIAN_POINT('Origin',(-40.,49.5,65.));
#3586=CARTESIAN_POINT('',(-43.25,49.5,65.));
#3587=CARTESIAN_POINT('Origin',(-40.,49.5,65.));
#3588=CARTESIAN_POINT('',(-43.25,49.5,65.));
#3589=CARTESIAN_POINT('Origin',(34.25,55.,66.540707856479));
#3590=CARTESIAN_POINT('',(34.25,49.5,66.540707856479));
#3591=CARTESIAN_POINT('',(34.25,55.,66.540707856479));
#3592=CARTESIAN_POINT('',(34.25,49.5,63.459292143521));
#3593=CARTESIAN_POINT('',(34.25,49.5,63.459292143521));
#3594=CARTESIAN_POINT('',(34.25,55.,63.459292143521));
#3595=CARTESIAN_POINT('Origin',(35.790707856479,55.,69.2092921435211));
#3596=CARTESIAN_POINT('',(35.790707856479,49.5,69.2092921435211));
#3597=CARTESIAN_POINT('',(35.790707856479,55.,69.2092921435211));
#3598=CARTESIAN_POINT('',(34.25,49.5,66.540707856479));
#3599=CARTESIAN_POINT('Origin',(38.4592921435211,55.,70.75));
#3600=CARTESIAN_POINT('',(38.4592921435211,49.5,70.75));
#3601=CARTESIAN_POINT('',(38.4592921435211,55.,70.75));
#3602=CARTESIAN_POINT('',(35.790707856479,49.5,69.2092921435211));
#3603=CARTESIAN_POINT('Origin',(41.540707856479,55.,70.75));
#3604=CARTESIAN_POINT('',(41.540707856479,49.5,70.75));
#3605=CARTESIAN_POINT('',(41.540707856479,55.,70.75));
#3606=CARTESIAN_POINT('',(38.4592921435211,49.5,70.75));
#3607=CARTESIAN_POINT('Origin',(44.2092921435211,55.,69.2092921435211));
#3608=CARTESIAN_POINT('',(44.2092921435211,49.5,69.2092921435211));
#3609=CARTESIAN_POINT('',(44.2092921435211,55.,69.2092921435211));
#3610=CARTESIAN_POINT('',(41.540707856479,49.5,70.75));
#3611=CARTESIAN_POINT('Origin',(45.75,55.,66.540707856479));
#3612=CARTESIAN_POINT('',(45.75,49.5,66.540707856479));
#3613=CARTESIAN_POINT('',(45.75,55.,66.540707856479));
#3614=CARTESIAN_POINT('',(44.2092921435211,49.5,69.2092921435211));
#3615=CARTESIAN_POINT('Origin',(45.75,55.,63.4592921435211));
#3616=CARTESIAN_POINT('',(45.75,49.5,63.4592921435211));
#3617=CARTESIAN_POINT('',(45.75,55.,63.4592921435211));
#3618=CARTESIAN_POINT('',(45.75,49.5,66.540707856479));
#3619=CARTESIAN_POINT('Origin',(44.2092921435211,55.,60.790707856479));
#3620=CARTESIAN_POINT('',(44.2092921435211,49.5,60.790707856479));
#3621=CARTESIAN_POINT('',(44.2092921435211,55.,60.790707856479));
#3622=CARTESIAN_POINT('',(45.75,49.5,63.4592921435211));
#3623=CARTESIAN_POINT('Origin',(41.540707856479,55.,59.25));
#3624=CARTESIAN_POINT('',(41.540707856479,49.5,59.25));
#3625=CARTESIAN_POINT('',(41.540707856479,55.,59.25));
#3626=CARTESIAN_POINT('',(44.2092921435211,49.5,60.790707856479));
#3627=CARTESIAN_POINT('Origin',(38.4592921435211,55.,59.25));
#3628=CARTESIAN_POINT('',(38.4592921435211,49.5,59.25));
#3629=CARTESIAN_POINT('',(38.4592921435211,55.,59.25));
#3630=CARTESIAN_POINT('',(41.540707856479,49.5,59.25));
#3631=CARTESIAN_POINT('Origin',(35.790707856479,55.,60.790707856479));
#3632=CARTESIAN_POINT('',(35.790707856479,49.5,60.790707856479));
#3633=CARTESIAN_POINT('',(35.790707856479,55.,60.790707856479));
#3634=CARTESIAN_POINT('',(38.4592921435211,49.5,59.25));
#3635=CARTESIAN_POINT('Origin',(34.25,55.,63.459292143521));
#3636=CARTESIAN_POINT('',(35.790707856479,49.5,60.790707856479));
#3637=CARTESIAN_POINT('Origin',(40.,49.5,65.));
#3638=CARTESIAN_POINT('Origin',(-45.75,55.,-63.459292143521));
#3639=CARTESIAN_POINT('',(-45.75,49.5,-63.459292143521));
#3640=CARTESIAN_POINT('',(-45.75,55.,-63.459292143521));
#3641=CARTESIAN_POINT('',(-45.75,49.5,-66.540707856479));
#3642=CARTESIAN_POINT('',(-45.75,49.5,-66.540707856479));
#3643=CARTESIAN_POINT('',(-45.75,55.,-66.540707856479));
#3644=CARTESIAN_POINT('Origin',(-44.2092921435211,55.,-60.7907078564789));
#3645=CARTESIAN_POINT('',(-44.2092921435211,49.5,-60.7907078564789));
#3646=CARTESIAN_POINT('',(-44.2092921435211,55.,-60.7907078564789));
#3647=CARTESIAN_POINT('',(-45.75,49.5,-63.459292143521));
#3648=CARTESIAN_POINT('Origin',(-41.540707856479,55.,-59.25));
#3649=CARTESIAN_POINT('',(-41.540707856479,49.5,-59.25));
#3650=CARTESIAN_POINT('',(-41.540707856479,55.,-59.25));
#3651=CARTESIAN_POINT('',(-44.2092921435211,49.5,-60.7907078564789));
#3652=CARTESIAN_POINT('Origin',(-38.459292143521,55.,-59.25));
#3653=CARTESIAN_POINT('',(-38.459292143521,49.5,-59.25));
#3654=CARTESIAN_POINT('',(-38.459292143521,55.,-59.25));
#3655=CARTESIAN_POINT('',(-41.540707856479,49.5,-59.25));
#3656=CARTESIAN_POINT('Origin',(-35.7907078564789,55.,-60.7907078564789));
#3657=CARTESIAN_POINT('',(-35.7907078564789,49.5,-60.7907078564789));
#3658=CARTESIAN_POINT('',(-35.7907078564789,55.,-60.7907078564789));
#3659=CARTESIAN_POINT('',(-38.459292143521,49.5,-59.25));
#3660=CARTESIAN_POINT('Origin',(-34.25,55.,-63.459292143521));
#3661=CARTESIAN_POINT('',(-34.25,49.5,-63.459292143521));
#3662=CARTESIAN_POINT('',(-34.25,55.,-63.459292143521));
#3663=CARTESIAN_POINT('',(-35.7907078564789,49.5,-60.7907078564789));
#3664=CARTESIAN_POINT('Origin',(-34.25,55.,-66.5407078564789));
#3665=CARTESIAN_POINT('',(-34.25,49.5,-66.5407078564789));
#3666=CARTESIAN_POINT('',(-34.25,55.,-66.5407078564789));
#3667=CARTESIAN_POINT('',(-34.25,49.5,-63.459292143521));
#3668=CARTESIAN_POINT('Origin',(-35.790707856479,55.,-69.2092921435211));
#3669=CARTESIAN_POINT('',(-35.790707856479,49.5,-69.2092921435211));
#3670=CARTESIAN_POINT('',(-35.790707856479,55.,-69.2092921435211));
#3671=CARTESIAN_POINT('',(-34.25,49.5,-66.5407078564789));
#3672=CARTESIAN_POINT('Origin',(-38.4592921435211,55.,-70.75));
#3673=CARTESIAN_POINT('',(-38.4592921435211,49.5,-70.75));
#3674=CARTESIAN_POINT('',(-38.4592921435211,55.,-70.75));
#3675=CARTESIAN_POINT('',(-35.790707856479,49.5,-69.2092921435211));
#3676=CARTESIAN_POINT('Origin',(-41.540707856479,55.,-70.75));
#3677=CARTESIAN_POINT('',(-41.540707856479,49.5,-70.75));
#3678=CARTESIAN_POINT('',(-41.540707856479,55.,-70.75));
#3679=CARTESIAN_POINT('',(-38.4592921435211,49.5,-70.75));
#3680=CARTESIAN_POINT('Origin',(-44.2092921435211,55.,-69.2092921435211));
#3681=CARTESIAN_POINT('',(-44.2092921435211,49.5,-69.2092921435211));
#3682=CARTESIAN_POINT('',(-44.2092921435211,55.,-69.2092921435211));
#3683=CARTESIAN_POINT('',(-41.540707856479,49.5,-70.75));
#3684=CARTESIAN_POINT('Origin',(-45.75,55.,-66.540707856479));
#3685=CARTESIAN_POINT('',(-44.2092921435211,49.5,-69.2092921435211));
#3686=CARTESIAN_POINT('Origin',(-40.,49.5,-65.));
#3687=CARTESIAN_POINT('Origin',(34.25,55.,-63.459292143521));
#3688=CARTESIAN_POINT('',(34.25,49.5,-63.459292143521));
#3689=CARTESIAN_POINT('',(34.25,55.,-63.459292143521));
#3690=CARTESIAN_POINT('',(34.25,49.5,-66.5407078564789));
#3691=CARTESIAN_POINT('',(34.25,49.5,-66.5407078564789));
#3692=CARTESIAN_POINT('',(34.25,55.,-66.5407078564789));
#3693=CARTESIAN_POINT('Origin',(35.7907078564789,55.,-60.7907078564789));
#3694=CARTESIAN_POINT('',(35.7907078564789,49.5,-60.7907078564789));
#3695=CARTESIAN_POINT('',(35.7907078564789,55.,-60.7907078564789));
#3696=CARTESIAN_POINT('',(34.25,49.5,-63.459292143521));
#3697=CARTESIAN_POINT('Origin',(38.459292143521,55.,-59.25));
#3698=CARTESIAN_POINT('',(38.459292143521,49.5,-59.25));
#3699=CARTESIAN_POINT('',(38.459292143521,55.,-59.25));
#3700=CARTESIAN_POINT('',(35.7907078564789,49.5,-60.7907078564789));
#3701=CARTESIAN_POINT('Origin',(41.540707856479,55.,-59.25));
#3702=CARTESIAN_POINT('',(41.540707856479,49.5,-59.25));
#3703=CARTESIAN_POINT('',(41.540707856479,55.,-59.25));
#3704=CARTESIAN_POINT('',(38.459292143521,49.5,-59.25));
#3705=CARTESIAN_POINT('Origin',(44.2092921435211,55.,-60.7907078564789));
#3706=CARTESIAN_POINT('',(44.2092921435211,49.5,-60.7907078564789));
#3707=CARTESIAN_POINT('',(44.2092921435211,55.,-60.7907078564789));
#3708=CARTESIAN_POINT('',(41.540707856479,49.5,-59.25));
#3709=CARTESIAN_POINT('Origin',(45.75,55.,-63.459292143521));
#3710=CARTESIAN_POINT('',(45.75,49.5,-63.459292143521));
#3711=CARTESIAN_POINT('',(45.75,55.,-63.459292143521));
#3712=CARTESIAN_POINT('',(44.2092921435211,49.5,-60.7907078564789));
#3713=CARTESIAN_POINT('Origin',(45.75,55.,-66.5407078564789));
#3714=CARTESIAN_POINT('',(45.75,49.5,-66.5407078564789));
#3715=CARTESIAN_POINT('',(45.75,55.,-66.5407078564789));
#3716=CARTESIAN_POINT('',(45.75,49.5,-63.459292143521));
#3717=CARTESIAN_POINT('Origin',(44.209292143521,55.,-69.209292143521));
#3718=CARTESIAN_POINT('',(44.209292143521,49.5,-69.209292143521));
#3719=CARTESIAN_POINT('',(44.209292143521,55.,-69.209292143521));
#3720=CARTESIAN_POINT('',(45.75,49.5,-66.5407078564789));
#3721=CARTESIAN_POINT('Origin',(41.5407078564789,55.,-70.75));
#3722=CARTESIAN_POINT('',(41.5407078564789,49.5,-70.75));
#3723=CARTESIAN_POINT('',(41.5407078564789,55.,-70.75));
#3724=CARTESIAN_POINT('',(44.209292143521,49.5,-69.209292143521));
#3725=CARTESIAN_POINT('Origin',(38.459292143521,55.,-70.75));
#3726=CARTESIAN_POINT('',(38.459292143521,49.5,-70.75));
#3727=CARTESIAN_POINT('',(38.459292143521,55.,-70.75));
#3728=CARTESIAN_POINT('',(41.5407078564789,49.5,-70.75));
#3729=CARTESIAN_POINT('Origin',(35.7907078564789,55.,-69.209292143521));
#3730=CARTESIAN_POINT('',(35.7907078564789,49.5,-69.209292143521));
#3731=CARTESIAN_POINT('',(35.7907078564789,55.,-69.209292143521));
#3732=CARTESIAN_POINT('',(38.459292143521,49.5,-70.75));
#3733=CARTESIAN_POINT('Origin',(34.25,55.,-66.5407078564789));
#3734=CARTESIAN_POINT('',(35.7907078564789,49.5,-69.209292143521));
#3735=CARTESIAN_POINT('Origin',(40.,49.5,-65.));
#3736=CARTESIAN_POINT('Origin',(-35.7907078564789,55.,69.2092921435211));
#3737=CARTESIAN_POINT('',(-35.7907078564789,49.5,69.2092921435211));
#3738=CARTESIAN_POINT('',(-35.7907078564789,55.,69.2092921435211));
#3739=CARTESIAN_POINT('',(-38.459292143521,49.5,70.75));
#3740=CARTESIAN_POINT('',(-38.459292143521,49.5,70.75));
#3741=CARTESIAN_POINT('',(-38.459292143521,55.,70.75));
#3742=CARTESIAN_POINT('Origin',(-34.25,55.,66.540707856479));
#3743=CARTESIAN_POINT('',(-34.25,49.5,66.540707856479));
#3744=CARTESIAN_POINT('',(-34.25,55.,66.540707856479));
#3745=CARTESIAN_POINT('',(-35.7907078564789,49.5,69.2092921435211));
#3746=CARTESIAN_POINT('Origin',(-34.25,55.,63.459292143521));
#3747=CARTESIAN_POINT('',(-34.25,49.5,63.459292143521));
#3748=CARTESIAN_POINT('',(-34.25,55.,63.459292143521));
#3749=CARTESIAN_POINT('',(-34.25,49.5,66.540707856479));
#3750=CARTESIAN_POINT('Origin',(-35.7907078564789,55.,60.7907078564789));
#3751=CARTESIAN_POINT('',(-35.7907078564789,49.5,60.7907078564789));
#3752=CARTESIAN_POINT('',(-35.7907078564789,55.,60.7907078564789));
#3753=CARTESIAN_POINT('',(-34.25,49.5,63.459292143521));
#3754=CARTESIAN_POINT('Origin',(-38.459292143521,55.,59.25));
#3755=CARTESIAN_POINT('',(-38.459292143521,49.5,59.25));
#3756=CARTESIAN_POINT('',(-38.459292143521,55.,59.25));
#3757=CARTESIAN_POINT('',(-35.7907078564789,49.5,60.7907078564789));
#3758=CARTESIAN_POINT('Origin',(-41.5407078564789,55.,59.25));
#3759=CARTESIAN_POINT('',(-41.5407078564789,49.5,59.25));
#3760=CARTESIAN_POINT('',(-41.5407078564789,55.,59.25));
#3761=CARTESIAN_POINT('',(-38.459292143521,49.5,59.25));
#3762=CARTESIAN_POINT('Origin',(-44.209292143521,55.,60.7907078564789));
#3763=CARTESIAN_POINT('',(-44.209292143521,49.5,60.7907078564789));
#3764=CARTESIAN_POINT('',(-44.209292143521,55.,60.7907078564789));
#3765=CARTESIAN_POINT('',(-41.5407078564789,49.5,59.25));
#3766=CARTESIAN_POINT('Origin',(-45.75,55.,63.459292143521));
#3767=CARTESIAN_POINT('',(-45.75,49.5,63.459292143521));
#3768=CARTESIAN_POINT('',(-45.75,55.,63.459292143521));
#3769=CARTESIAN_POINT('',(-44.209292143521,49.5,60.7907078564789));
#3770=CARTESIAN_POINT('Origin',(-45.75,55.,66.540707856479));
#3771=CARTESIAN_POINT('',(-45.75,49.5,66.540707856479));
#3772=CARTESIAN_POINT('',(-45.75,55.,66.540707856479));
#3773=CARTESIAN_POINT('',(-45.75,49.5,63.459292143521));
#3774=CARTESIAN_POINT('Origin',(-44.209292143521,55.,69.2092921435211));
#3775=CARTESIAN_POINT('',(-44.209292143521,49.5,69.2092921435211));
#3776=CARTESIAN_POINT('',(-44.209292143521,55.,69.2092921435211));
#3777=CARTESIAN_POINT('',(-45.75,49.5,66.540707856479));
#3778=CARTESIAN_POINT('Origin',(-41.5407078564789,55.,70.75));
#3779=CARTESIAN_POINT('',(-41.5407078564789,49.5,70.75));
#3780=CARTESIAN_POINT('',(-41.5407078564789,55.,70.75));
#3781=CARTESIAN_POINT('',(-44.209292143521,49.5,69.2092921435211));
#3782=CARTESIAN_POINT('Origin',(-38.459292143521,55.,70.75));
#3783=CARTESIAN_POINT('',(-41.5407078564789,49.5,70.75));
#3784=CARTESIAN_POINT('Origin',(-40.,49.5,65.));
#3785=CARTESIAN_POINT('Origin',(50.,31.,47.5));
#3786=CARTESIAN_POINT('',(45.,33.,45.5));
#3787=CARTESIAN_POINT('',(45.,31.,47.5));
#3788=CARTESIAN_POINT('',(45.,16.375,62.125));
#3789=CARTESIAN_POINT('',(50.,33.,45.5));
#3790=CARTESIAN_POINT('',(50.,31.,47.5));
#3791=CARTESIAN_POINT('Origin',(50.,31.,47.5));
#3792=CARTESIAN_POINT('',(-45.,33.,45.5));
#3793=CARTESIAN_POINT('',(50.,33.,45.5));
#3794=CARTESIAN_POINT('',(-45.,31.,47.5));
#3795=CARTESIAN_POINT('',(-45.,53.875,24.6250000000001));
#3796=CARTESIAN_POINT('',(50.,31.,47.5));
#3797=CARTESIAN_POINT('Origin',(50.,33.,45.5));
#3798=CARTESIAN_POINT('',(45.,33.,-45.5));
#3799=CARTESIAN_POINT('',(45.,33.,60.25));
#3800=CARTESIAN_POINT('',(50.,33.,-45.5));
#3801=CARTESIAN_POINT('Origin',(50.,15.,47.5));
#3802=CARTESIAN_POINT('',(45.,15.,47.5));
#3803=CARTESIAN_POINT('',(45.,7.50000000000001,47.5));
#3804=CARTESIAN_POINT('',(50.,15.,47.5));
#3805=CARTESIAN_POINT('Origin',(50.,15.,47.5));
#3806=CARTESIAN_POINT('',(-45.,15.,47.5));
#3807=CARTESIAN_POINT('',(-45.,7.49999999999999,47.5));
#3808=CARTESIAN_POINT('',(50.,15.,47.5));
#3809=CARTESIAN_POINT('Origin',(50.,33.,-45.5));
#3810=CARTESIAN_POINT('',(45.,31.,-47.5));
#3811=CARTESIAN_POINT('',(45.,54.875,-23.6250000000002));
#3812=CARTESIAN_POINT('',(50.,31.,-47.5));
#3813=CARTESIAN_POINT('Origin',(50.,13.,45.5));
#3814=CARTESIAN_POINT('',(45.,13.,45.5));
#3815=CARTESIAN_POINT('',(45.,17.125,49.625));
#3816=CARTESIAN_POINT('',(50.,13.,45.5));
#3817=CARTESIAN_POINT('Origin',(50.,13.,45.5));
#3818=CARTESIAN_POINT('',(-45.,13.,45.5));
#3819=CARTESIAN_POINT('',(-45.,-20.375,12.1250000000001));
#3820=CARTESIAN_POINT('',(50.,13.,45.5));
#3821=CARTESIAN_POINT('Origin',(50.,31.,-47.5));
#3822=CARTESIAN_POINT('',(45.,15.,-47.5));
#3823=CARTESIAN_POINT('',(45.,15.5,-47.5));
#3824=CARTESIAN_POINT('',(50.,15.,-47.5));
#3825=CARTESIAN_POINT('Origin',(50.,13.,-45.5));
#3826=CARTESIAN_POINT('',(45.,13.,-45.5));
#3827=CARTESIAN_POINT('',(45.,13.,14.75));
#3828=CARTESIAN_POINT('',(50.,13.,-45.5));
#3829=CARTESIAN_POINT('Origin',(50.,13.,-45.5));
#3830=CARTESIAN_POINT('',(-45.,13.,-45.5));
#3831=CARTESIAN_POINT('',(-45.,13.,-60.25));
#3832=CARTESIAN_POINT('',(50.,13.,-45.5));
#3833=CARTESIAN_POINT('Origin',(50.,15.,-47.5));
#3834=CARTESIAN_POINT('',(45.,-19.3749999999999,-13.1249999999996));
#3835=CARTESIAN_POINT('Origin',(50.,15.,-47.5));
#3836=CARTESIAN_POINT('',(-45.,15.,-47.5));
#3837=CARTESIAN_POINT('',(-45.,18.1250000000001,-50.6250000000001));
#3838=CARTESIAN_POINT('',(50.,15.,-47.5));
#3839=CARTESIAN_POINT('Origin',(50.,31.,-47.5));
#3840=CARTESIAN_POINT('',(-45.,31.,-47.5));
#3841=CARTESIAN_POINT('',(-45.,15.5,-47.5));
#3842=CARTESIAN_POINT('',(50.,31.,-47.5));
#3843=CARTESIAN_POINT('Origin',(50.,33.,-45.5));
#3844=CARTESIAN_POINT('',(-45.,33.,-45.5));
#3845=CARTESIAN_POINT('',(-45.,17.375,-61.125));
#3846=CARTESIAN_POINT('',(50.,33.,-45.5));
#3847=CARTESIAN_POINT('Origin',(50.,33.,45.5));
#3848=CARTESIAN_POINT('',(-45.,33.,-14.75));
#3849=CARTESIAN_POINT('Origin',(25.5,13.,-75.));
#3850=CARTESIAN_POINT('',(27.5,15.,-70.));
#3851=CARTESIAN_POINT('',(25.5,13.,-70.));
#3852=CARTESIAN_POINT('',(28.375,15.875,-70.));
#3853=CARTESIAN_POINT('',(27.5,15.,-75.));
#3854=CARTESIAN_POINT('',(27.5,15.,-75.));
#3855=CARTESIAN_POINT('',(25.5,13.,-75.));
#3856=CARTESIAN_POINT('',(28.375,15.875,-75.));
#3857=CARTESIAN_POINT('',(25.5,13.,-75.));
#3858=CARTESIAN_POINT('Origin',(25.5,13.,-75.));
#3859=CARTESIAN_POINT('',(27.5,15.,70.));
#3860=CARTESIAN_POINT('',(27.5,15.,-75.));
#3861=CARTESIAN_POINT('',(25.5,13.,70.));
#3862=CARTESIAN_POINT('',(3.37499999999993,-9.12499999999998,70.));
#3863=CARTESIAN_POINT('',(25.5,13.,-75.));
#3864=CARTESIAN_POINT('Origin',(27.5,15.,-75.));
#3865=CARTESIAN_POINT('',(27.5,31.,-70.));
#3866=CARTESIAN_POINT('',(27.5,7.5,-70.));
#3867=CARTESIAN_POINT('',(27.5,31.,-75.));
#3868=CARTESIAN_POINT('',(27.5,31.,-75.));
#3869=CARTESIAN_POINT('',(27.5,7.5,-75.));
#3870=CARTESIAN_POINT('Origin',(-25.5,13.,-75.));
#3871=CARTESIAN_POINT('',(-25.5,13.,-70.));
#3872=CARTESIAN_POINT('',(12.25,13.,-70.));
#3873=CARTESIAN_POINT('',(-25.5,13.,-75.));
#3874=CARTESIAN_POINT('',(12.25,13.,-75.));
#3875=CARTESIAN_POINT('',(-25.5,13.,-75.));
#3876=CARTESIAN_POINT('Origin',(-25.5,13.,-75.));
#3877=CARTESIAN_POINT('',(-25.5,13.,70.));
#3878=CARTESIAN_POINT('',(-37.75,13.,70.));
#3879=CARTESIAN_POINT('',(-25.5,13.,-75.));
#3880=CARTESIAN_POINT('Origin',(27.5,31.,-75.));
#3881=CARTESIAN_POINT('',(25.5,33.,-70.));
#3882=CARTESIAN_POINT('',(40.875,17.625,-70.));
#3883=CARTESIAN_POINT('',(25.5,33.,-75.));
#3884=CARTESIAN_POINT('',(25.5,33.,-75.));
#3885=CARTESIAN_POINT('',(40.875,17.625,-75.));
#3886=CARTESIAN_POINT('Origin',(-27.5,15.,-75.));
#3887=CARTESIAN_POINT('',(-27.5,15.,-70.));
#3888=CARTESIAN_POINT('',(-4.3749999999999,-8.12499999999997,-70.));
#3889=CARTESIAN_POINT('',(-27.5,15.,-75.));
#3890=CARTESIAN_POINT('',(-4.3749999999999,-8.12499999999997,-75.));
#3891=CARTESIAN_POINT('',(-27.5,15.,-75.));
#3892=CARTESIAN_POINT('Origin',(-27.5,15.,-75.));
#3893=CARTESIAN_POINT('',(-27.5,15.,70.));
#3894=CARTESIAN_POINT('',(-29.375,16.875,70.));
#3895=CARTESIAN_POINT('',(-27.5,15.,-75.));
#3896=CARTESIAN_POINT('Origin',(25.5,33.,-75.));
#3897=CARTESIAN_POINT('',(-25.5,33.,-70.));
#3898=CARTESIAN_POINT('',(37.75,33.,-70.));
#3899=CARTESIAN_POINT('',(-25.5,33.,-75.));
#3900=CARTESIAN_POINT('',(-25.5,33.,-75.));
#3901=CARTESIAN_POINT('',(37.75,33.,-75.));
#3902=CARTESIAN_POINT('Origin',(-27.5,31.,-75.));
#3903=CARTESIAN_POINT('',(-27.5,31.,-70.));
#3904=CARTESIAN_POINT('',(-27.5,15.5,-70.));
#3905=CARTESIAN_POINT('',(-27.5,31.,-75.));
#3906=CARTESIAN_POINT('',(-27.5,15.5,-75.));
#3907=CARTESIAN_POINT('',(-27.5,31.,-75.));
#3908=CARTESIAN_POINT('Origin',(-27.5,31.,-75.));
#3909=CARTESIAN_POINT('',(-27.5,31.,70.));
#3910=CARTESIAN_POINT('',(-27.5,15.5,70.));
#3911=CARTESIAN_POINT('',(-27.5,31.,-75.));
#3912=CARTESIAN_POINT('Origin',(-25.5,33.,-75.));
#3913=CARTESIAN_POINT('',(-14.875,43.625,-70.));
#3914=CARTESIAN_POINT('',(-14.875,43.625,-75.));
#3915=CARTESIAN_POINT('Origin',(-25.5,33.,-75.));
#3916=CARTESIAN_POINT('',(-25.5,33.,70.));
#3917=CARTESIAN_POINT('',(-39.875,18.625,70.));
#3918=CARTESIAN_POINT('',(-25.5,33.,-75.));
#3919=CARTESIAN_POINT('Origin',(25.5,33.,-75.));
#3920=CARTESIAN_POINT('',(25.5,33.,70.));
#3921=CARTESIAN_POINT('',(-12.25,33.,70.));
#3922=CARTESIAN_POINT('',(25.5,33.,-75.));
#3923=CARTESIAN_POINT('Origin',(27.5,31.,-75.));
#3924=CARTESIAN_POINT('',(27.5,31.,70.));
#3925=CARTESIAN_POINT('',(15.875,42.625,70.));
#3926=CARTESIAN_POINT('',(27.5,31.,-75.));
#3927=CARTESIAN_POINT('Origin',(27.5,15.,-75.));
#3928=CARTESIAN_POINT('',(27.5,7.49999999999999,70.));
#3929=CARTESIAN_POINT('Origin',(34.29,5.,-45.72));
#3930=CARTESIAN_POINT('',(36.29,10.,-45.72));
#3931=CARTESIAN_POINT('Origin',(34.29,10.,-45.72));
#3932=CARTESIAN_POINT('',(36.29,5.,-45.72));
#3933=CARTESIAN_POINT('',(36.29,5.,-45.72));
#3934=CARTESIAN_POINT('Origin',(34.29,5.,-45.72));
#3935=CARTESIAN_POINT('Origin',(34.29,5.,-45.72));
#3936=CARTESIAN_POINT('',(30.29,10.,-45.72));
#3937=CARTESIAN_POINT('Origin',(34.29,10.,-45.72));
#3938=CARTESIAN_POINT('',(30.29,5.,-45.72));
#3939=CARTESIAN_POINT('',(30.29,5.,-45.72));
#3940=CARTESIAN_POINT('Origin',(34.29,5.,-45.72));
#3941=CARTESIAN_POINT('Origin',(34.29,10.,-45.72));
#3942=CARTESIAN_POINT('Origin',(-34.29,5.,-45.72));
#3943=CARTESIAN_POINT('',(-32.29,10.,-45.72));
#3944=CARTESIAN_POINT('Origin',(-34.29,10.,-45.72));
#3945=CARTESIAN_POINT('',(-32.29,5.,-45.72));
#3946=CARTESIAN_POINT('',(-32.29,5.,-45.72));
#3947=CARTESIAN_POINT('Origin',(-34.29,5.,-45.72));
#3948=CARTESIAN_POINT('Origin',(-34.29,5.,-45.72));
#3949=CARTESIAN_POINT('',(-38.29,10.,-45.72));
#3950=CARTESIAN_POINT('Origin',(-34.29,10.,-45.72));
#3951=CARTESIAN_POINT('',(-38.29,5.,-45.72));
#3952=CARTESIAN_POINT('',(-38.29,5.,-45.72));
#3953=CARTESIAN_POINT('Origin',(-34.29,5.,-45.72));
#3954=CARTESIAN_POINT('Origin',(-34.29,10.,-45.72));
#3955=CARTESIAN_POINT('Origin',(34.29,5.,45.72));
#3956=CARTESIAN_POINT('',(36.29,10.,45.72));
#3957=CARTESIAN_POINT('Origin',(34.29,10.,45.72));
#3958=CARTESIAN_POINT('',(36.29,5.,45.72));
#3959=CARTESIAN_POINT('',(36.29,5.,45.72));
#3960=CARTESIAN_POINT('Origin',(34.29,5.,45.72));
#3961=CARTESIAN_POINT('Origin',(34.29,5.,45.72));
#3962=CARTESIAN_POINT('',(30.29,10.,45.72));
#3963=CARTESIAN_POINT('Origin',(34.29,10.,45.72));
#3964=CARTESIAN_POINT('',(30.29,5.,45.72));
#3965=CARTESIAN_POINT('',(30.29,5.,45.72));
#3966=CARTESIAN_POINT('Origin',(34.29,5.,45.72));
#3967=CARTESIAN_POINT('Origin',(34.29,10.,45.72));
#3968=CARTESIAN_POINT('Origin',(-34.29,5.,45.72));
#3969=CARTESIAN_POINT('',(-32.29,10.,45.72));
#3970=CARTESIAN_POINT('Origin',(-34.29,10.,45.72));
#3971=CARTESIAN_POINT('',(-32.29,5.,45.72));
#3972=CARTESIAN_POINT('',(-32.29,5.,45.72));
#3973=CARTESIAN_POINT('Origin',(-34.29,5.,45.72));
#3974=CARTESIAN_POINT('Origin',(-34.29,5.,45.72));
#3975=CARTESIAN_POINT('',(-38.29,10.,45.72));
#3976=CARTESIAN_POINT('Origin',(-34.29,10.,45.72));
#3977=CARTESIAN_POINT('',(-38.29,5.,45.72));
#3978=CARTESIAN_POINT('',(-38.29,5.,45.72));
#3979=CARTESIAN_POINT('Origin',(-34.29,5.,45.72));
#3980=CARTESIAN_POINT('Origin',(-34.29,10.,45.72));
#3981=CARTESIAN_POINT('Origin',(8.88178419700125E-15,5.,4.44089209850063E-15));
#3982=CARTESIAN_POINT('',(28.5757147143715,5.,70.));
#3983=CARTESIAN_POINT('',(45.,5.,53.5757147143715));
#3984=CARTESIAN_POINT('Origin',(50.,5.,75.));
#3985=CARTESIAN_POINT('',(45.,5.,-53.5757147143714));
#3986=CARTESIAN_POINT('',(45.,5.,37.5));
#3987=CARTESIAN_POINT('',(28.5757147143714,5.,-70.));
#3988=CARTESIAN_POINT('Origin',(50.,5.,-75.));
#3989=CARTESIAN_POINT('',(-28.5757147143715,5.,-70.));
#3990=CARTESIAN_POINT('',(25.,5.,-70.));
#3991=CARTESIAN_POINT('',(-45.,5.,-53.5757147143715));
#3992=CARTESIAN_POINT('Origin',(-50.,5.,-75.));
#3993=CARTESIAN_POINT('',(-45.,5.,53.5757147143715));
#3994=CARTESIAN_POINT('',(-45.,5.,-37.5));
#3995=CARTESIAN_POINT('',(-28.5757147143714,5.,70.));
#3996=CARTESIAN_POINT('Origin',(-50.,5.,75.));
#3997=CARTESIAN_POINT('',(-25.,5.,70.));
#3998=CARTESIAN_POINT('Origin',(8.88178419700125E-15,5.,4.44089209850063E-15));
#3999=CARTESIAN_POINT('Origin',(8.88178419700125E-15,5.,4.44089209850063E-15));
#4000=CARTESIAN_POINT('Origin',(8.88178419700125E-15,5.,4.44089209850063E-15));
#4001=CARTESIAN_POINT('Origin',(50.,55.,75.));
#4002=CARTESIAN_POINT('',(45.,55.,53.5757147143715));
#4003=CARTESIAN_POINT('',(28.5757147143715,55.,70.));
#4004=CARTESIAN_POINT('Origin',(-50.,55.,-75.));
#4005=CARTESIAN_POINT('',(-45.,55.,-53.5757147143715));
#4006=CARTESIAN_POINT('',(-28.5757147143715,55.,-70.));
#4007=CARTESIAN_POINT('Origin',(50.,55.,-75.));
#4008=CARTESIAN_POINT('',(28.5757147143714,55.,-70.));
#4009=CARTESIAN_POINT('',(45.,55.,-53.5757147143715));
#4010=CARTESIAN_POINT('Origin',(-50.,55.,75.));
#4011=CARTESIAN_POINT('',(-28.5757147143714,55.,70.));
#4012=CARTESIAN_POINT('',(-45.,55.,53.5757147143715));
#4013=CARTESIAN_POINT('Origin',(-45.,0.,-75.));
#4014=CARTESIAN_POINT('Origin',(45.,0.,75.));
#4015=CARTESIAN_POINT('Origin',(-50.,0.,70.));
#4016=CARTESIAN_POINT('Origin',(50.,0.,-70.));
#4017=CARTESIAN_POINT('Origin',(8.88178419700125E-15,5.,4.44089209850063E-15));
#4018=CARTESIAN_POINT('Origin',(50.,0.,-75.));
#4019=UNCERTAINTY_MEASURE_WITH_UNIT(LENGTH_MEASURE(0.01),#4023,
'DISTANCE_ACCURACY_VALUE',
'Maximum model space distance between geometric entities at asserted c
onnectivities');
#4020=UNCERTAINTY_MEASURE_WITH_UNIT(LENGTH_MEASURE(0.01),#4023,
'DISTANCE_ACCURACY_VALUE',
'Maximum model space distance between geometric entities at asserted c
onnectivities');
#4021=(
GEOMETRIC_REPRESENTATION_CONTEXT(3)
GLOBAL_UNCERTAINTY_ASSIGNED_CONTEXT((#4019))
GLOBAL_UNIT_ASSIGNED_CONTEXT((#4023,#4025,#4026))
REPRESENTATION_CONTEXT('','3D')
);
#4022=(
GEOMETRIC_REPRESENTATION_CONTEXT(3)
GLOBAL_UNCERTAINTY_ASSIGNED_CONTEXT((#4020))
GLOBAL_UNIT_ASSIGNED_CONTEXT((#4023,#4025,#4026))
REPRESENTATION_CONTEXT('','3D')
);
#4023=(
LENGTH_UNIT()
NAMED_UNIT(*)
SI_UNIT(.MILLI.,.METRE.)
);
#4024=(
LENGTH_UNIT()
NAMED_UNIT(*)
SI_UNIT(.CENTI.,.METRE.)
);
#4025=(
NAMED_UNIT(*)
PLANE_ANGLE_UNIT()
SI_UNIT($,.RADIAN.)
);
#4026=(
NAMED_UNIT(*)
SI_UNIT($,.STERADIAN.)
SOLID_ANGLE_UNIT()
);
#4027=SHAPE_DEFINITION_REPRESENTATION(#4028,#4029);
#4028=PRODUCT_DEFINITION_SHAPE('',$,#4031);
#4029=SHAPE_REPRESENTATION('',(#2499),#4021);
#4030=PRODUCT_DEFINITION_CONTEXT('part definition',#4035,'design');
#4031=PRODUCT_DEFINITION('PCB_Case','PCB_Case',#4032,#4030);
#4032=PRODUCT_DEFINITION_FORMATION('',$,#4037);
#4033=PRODUCT_RELATED_PRODUCT_CATEGORY('PCB_Case','PCB_Case',(#4037));
#4034=APPLICATION_PROTOCOL_DEFINITION('international standard',
'automotive_design',2009,#4035);
#4035=APPLICATION_CONTEXT(
'Core Data for Automotive Mechanical Design Process');
#4036=PRODUCT_CONTEXT('part definition',#4035,'mechanical');
#4037=PRODUCT('PCB_Case','PCB_Case',$,(#4036));
#4038=PRESENTATION_STYLE_ASSIGNMENT((#4039));
#4039=SURFACE_STYLE_USAGE(.BOTH.,#4042);
#4040=SURFACE_STYLE_RENDERING_WITH_PROPERTIES($,#4046,(#4041));
#4041=SURFACE_STYLE_TRANSPARENT(0.);
#4042=SURFACE_SIDE_STYLE('',(#4043,#4040));
#4043=SURFACE_STYLE_FILL_AREA(#4044);
#4044=FILL_AREA_STYLE('',(#4045));
#4045=FILL_AREA_STYLE_COLOUR('',#4046);
#4046=COLOUR_RGB('',0.749019607843137,0.749019607843137,0.749019607843137);
ENDSEC;
END-ISO-10303-21;
